ID_SITIO;LOCALIDAD;PROVINCIA;POBLACION;PLAN;Latitud;Longitud
87;25 DE MAYO;BUENOS AIRES;23408;LOCALIDAD CONECTADA;-35,44298056000;-60,17478889000
96;9 DE JULIO;BUENOS AIRES;36494;LOCALIDAD CONECTADA;-35,44068889000;-60,87250000000
101;ABASTO;BUENOS AIRES;7139;LOCALIDAD CONECTADA;-34,96646300000;-58,16294900000
109;ACEVEDO;BUENOS AIRES;1499;LOCALIDAD CONECTADA;-33,75574167000;-60,43588889000
132;AGUSTIN ROCA;BUENOS AIRES;334;LOCALIDAD CONECTADA;-34,50809600000;-60,87103500000
133;AGUSTINA;BUENOS AIRES;155;LOCALIDAD CONECTADA;-34,46090400000;-61,06406100000
139;ALBERDI VIEJO;BUENOS AIRES;318;LOCALIDAD CONECTADA;-34,44194444000;-61,84444444000
3763;ALFREDO DEMARCHI _EST F QUIROGA;BUENOS AIRES;1946;LOCALIDAD CONECTADA;-35,29379722000;-61,40713333000
216;AMERICA;BUENOS AIRES;11685;LOCALIDAD CONECTADA;-35,49445900000;-62,97002300000
271;ARGERICH;BUENOS AIRES;80;LOCALIDAD CONECTADA;-38,77061000000;-62,60159900000
273;ARIEL;BUENOS AIRES;16;LOCALIDAD CONECTADA;-36,53180278000;-59,92035833000
282;ARRECIFES;BUENOS AIRES;26400;LOCALIDAD CONECTADA;-34,06392883000;-60,07180956000
283;ARRIBE헲S;BUENOS AIRES;2910;LOCALIDAD CONECTADA;-34,20834600000;-61,35876000000
292;ARROYO CORTO;BUENOS AIRES;514;LOCALIDAD CONECTADA;-37,51449676000;-62,31076809000
293;ARROYO DE LA CRUZ;BUENOS AIRES;243;LOCALIDAD CONECTADA;-34,34013645000;-59,11324909000
295;ARROYO DULCE;BUENOS AIRES;1715;LOCALIDAD CONECTADA;-34,09362778000;-60,41030278000
325;AYACUCHO;BUENOS AIRES;17364;LOCALIDAD CONECTADA;-37,14957222000;-58,47072222000
327;AZCUENAGA;BUENOS AIRES;312;LOCALIDAD CONECTADA;-34,36307825000;-59,37655399000
4023;AZUCENA;BUENOS AIRES;0;LOCALIDAD CONECTADA;-37,48694167000;-59,29332500000
330;AZUL;BUENOS AIRES;55728;LOCALIDAD CONECTADA;-36,76994444000;-59,85005556000
332;BAHIA BLANCA;BUENOS AIRES;291327;LOCALIDAD CONECTADA;-38,75124167000;-62,28297222000
336;BAIGORRITA;BUENOS AIRES;1848;LOCALIDAD CONECTADA;-34,74771111000;-60,98280833000
342;BALCARCE;BUENOS AIRES;38376;LOCALIDAD CONECTADA;-37,84979167000;-58,24926111000
351;BALNEARIO LAGUNA DE GOMEZ;BUENOS AIRES;230;LOCALIDAD CONECTADA;-34,65590556000;-61,01930000000
364;BANDERALO;BUENOS AIRES;1339;LOCALIDAD CONECTADA;-35,01091667000;-63,37183333000
368;BARADERO;BUENOS AIRES;28537;LOCALIDAD CONECTADA;-33,81028700000;-59,50957000000
396;BARRIO COLINAS VERDES;BUENOS AIRES;121;LOCALIDAD CONECTADA;-37,89308889000;-57,82196944000
409;BARRIO EL COYUNCO;BUENOS AIRES;374;LOCALIDAD CONECTADA;-37,91791944000;-57,74728056000
419;BARRIO EL TALADRO;BUENOS AIRES;155;LOCALIDAD CONECTADA;-35,07150000000;-58,86511111000
441;BARRIO LA GLORIA;BUENOS AIRES;415;LOCALIDAD CONECTADA;-37,90758889000;-57,78501111000
452;BARRIO LOMAS ALTAS;BUENOS AIRES;61;LOCALIDAD CONECTADA;-35,58551111000;-58,06786667000
496;BARRIO SANTA PAULA;BUENOS AIRES;644;LOCALIDAD CONECTADA;-37,93163056000;-57,68613889000
521;BELLOCQ;BUENOS AIRES;542;LOCALIDAD CONECTADA;-35,91959800000;-61,53402600000
523;BENAVIDEZ;BUENOS AIRES;35870;LOCALIDAD CONECTADA;-34,41083333000;-58,72027778000
526;BENITO JUAREZ;BUENOS AIRES;14279;LOCALIDAD CONECTADA;-37,67955556000;-59,81016667000
531;BERDIER;BUENOS AIRES;177;LOCALIDAD CONECTADA;-34,39888889000;-60,25111111000
535;BERMUDEZ;BUENOS AIRES;72;LOCALIDAD CONECTADA;-34,69230556000;-61,32461111000
543;BERUTTI;BUENOS AIRES;1098;LOCALIDAD CONECTADA;-35,85957778000;-62,51339722000
551;BOCAYUVA;BUENOS AIRES;83;LOCALIDAD CONECTADA;-36,20450000000;-63,07622222000
561;BRAGADO;BUENOS AIRES;33222;LOCALIDAD CONECTADA;-35,12833333000;-60,47111111000
601;CAMPANA;BUENOS AIRES;86860;LOCALIDAD CONECTADA;-34,18055556000;-58,96888889000
638;CA헤DA SECA;BUENOS AIRES;718;LOCALIDAD CONECTADA;-34,41813889000;-62,95777778000
642;CA헷ELAS;BUENOS AIRES;29974;LOCALIDAD CONECTADA;-35,02522500000;-58,73272778000
650;CAPILLA DEL SE헲R;BUENOS AIRES;9244;LOCALIDAD CONECTADA;-34,29258889000;-59,10114444000
659;CAPITAN SARMIENTO;BUENOS AIRES;13088;LOCALIDAD CONECTADA;-34,17188611000;-59,79345000000
666;CARDENAL CAGLIERO;BUENOS AIRES;89;LOCALIDAD CONECTADA;-40,65080556000;-62,75411111000
667;CARHUE;BUENOS AIRES;9660;LOCALIDAD CONECTADA;-37,18036111000;-62,76183889000
670;CARLOS KEEN;BUENOS AIRES;557;LOCALIDAD CONECTADA;-34,48888889000;-59,21750000000
671;CARLOS MARIA NAON;BUENOS AIRES;497;LOCALIDAD CONECTADA;-35,23848167000;-60,82430900000
674;CARLOS TEJEDOR;BUENOS AIRES;5178;LOCALIDAD CONECTADA;-35,39012500000;-62,41308333000
676;CARMEN DE ARECO;BUENOS AIRES;12775;LOCALIDAD CONECTADA;-34,38752778000;-59,82036389000
677;CARMEN DE PATAGONES;BUENOS AIRES;20533;LOCALIDAD CONECTADA;-40,78720833000;-62,96825278000
711;CASTILLA;BUENOS AIRES;689;LOCALIDAD CONECTADA;-34,61167778000;-59,89820833000
725;CAZON;BUENOS AIRES;209;LOCALIDAD CONECTADA;-35,57500833000;-59,66033611000
750;CHACABUCO;BUENOS AIRES;38418;LOCALIDAD CONECTADA;-34,62842222000;-60,46585278000
773;CHASCOMUS;BUENOS AIRES;33607;LOCALIDAD CONECTADA;-35,57373610000;-58,01896940000
774;CHASICO;BUENOS AIRES;203;LOCALIDAD CONECTADA;-38,33581700000;-62,64485800000
791;CHIVILCOY;BUENOS AIRES;58152;LOCALIDAD CONECTADA;-34,91888889000;-59,99333333000
843;COLON;BUENOS AIRES;23206;LOCALIDAD CONECTADA;-33,89786336000;-61,09956051000
887;COLONIA HINOJO;BUENOS AIRES;4033;LOCALIDAD CONECTADA;-36,86530500000;-60,16078500000
921;COLONIA SAN MARTIN;BUENOS AIRES;92;LOCALIDAD CONECTADA;-37,97597615000;-62,33279726000
964;CONESA;BUENOS AIRES;2066;LOCALIDAD CONECTADA;-33,59207100000;-60,35723500000
1004;CORONEL SUAREZ;BUENOS AIRES;23621;LOCALIDAD CONECTADA;-37,47297222000;-61,92690833000
1024;COUNTRY CLUB EL CASCO;BUENOS AIRES;452;LOCALIDAD CONECTADA;-34,12682778000;-59,08610556000
1031;CROTTO;BUENOS AIRES;247;LOCALIDAD CONECTADA;-36,57603333000;-60,17097778000
1045;CUCULLU;BUENOS AIRES;551;LOCALIDAD CONECTADA;-34,44530833000;-59,36046944000
1049;CURAMALAL;BUENOS AIRES;95;LOCALIDAD CONECTADA;-37,48565000000;-62,10691667000
1050;CURARU;BUENOS AIRES;422;LOCALIDAD CONECTADA;-35,64127778000;-62,19375000000
1057;DAIREAUX;BUENOS AIRES;12122;LOCALIDAD CONECTADA;-36,59658333000;-61,74971111000
1062;DE BARY;BUENOS AIRES;63;LOCALIDAD CONECTADA;-36,34075000000;-63,25986111000
1067;DEL CARRIL;BUENOS AIRES;1270;LOCALIDAD CONECTADA;-35,50838889000;-59,51580556000
3785;DEL VISO;BUENOS AIRES;0;LOCALIDAD CONECTADA;-34,45436111000;-58,79658333000
4067;DERQUI;BUENOS AIRES;0;LOCALIDAD CONECTADA;-34,49130000000;-58,84225000000
1084;DIEGO GAYNOR;BUENOS AIRES;236;LOCALIDAD CONECTADA;-34,28715839000;-59,22120970000
1106;DUGGAN;BUENOS AIRES;573;LOCALIDAD CONECTADA;-34,21148889000;-59,63817222000
1120;EL ARBOLITO;BUENOS AIRES;199;LOCALIDAD CONECTADA;-33,91438700000;-60,94506900000
1162;EL DORADO;BUENOS AIRES;318;LOCALIDAD CONECTADA;-34,64856389000;-61,58135000000
1200;EL PARAISO;BUENOS AIRES;423;LOCALIDAD CONECTADA;-33,56727778000;-59,98036111000
1241;EL SOCORRO - VILLA ANGELICA;BUENOS AIRES;1201;LOCALIDAD CONECTADA;-33,66437778000;-60,70798056000
1272;EMILIO AYARZA;BUENOS AIRES;87;LOCALIDAD CONECTADA;-34,74722000000;-60,04021000000
1273;EMILIO V. BUNGE;BUENOS AIRES;1986;LOCALIDAD CONECTADA;-34,78573889000;-63,19333611000
1373;FONTEZUELA;BUENOS AIRES;365;LOCALIDAD CONECTADA;-33,91190100000;-60,45891200000
1386;FORTIN TIBURCIO;BUENOS AIRES;257;LOCALIDAD CONECTADA;-34,34672000000;-61,13294100000
1391;FRANCISCO MADERO;BUENOS AIRES;1389;LOCALIDAD CONECTADA;-35,84960833000;-62,06741111000
1393;FRANKLIN;BUENOS AIRES;87;LOCALIDAD CONECTADA;-34,60917778000;-59,62936111000
1405;GAHAN;BUENOS AIRES;648;LOCALIDAD CONECTADA;-34,33727700000;-60,09947200000
1426;GENERAL ALVEAR;BUENOS AIRES;9812;LOCALIDAD CONECTADA;-36,02135600000;-60,00274200000
1429;GENERAL ARENALES;BUENOS AIRES;4321;LOCALIDAD CONECTADA;-34,30466349000;-61,30566887000
1432;GENERAL BELGRANO;BUENOS AIRES;15394;LOCALIDAD CONECTADA;-35,76403056000;-58,48758889000
1438;GENERAL DANIEL CERRI;BUENOS AIRES;6745;LOCALIDAD CONECTADA;-38,71529400000;-62,40220500000
1449;GENERAL JUAN MADARIAGA;BUENOS AIRES;18089;LOCALIDAD CONECTADA;-37,00547222000;-57,11680556000
1450;GENERAL LA MADRID;BUENOS AIRES;8073;LOCALIDAD CONECTADA;-37,24506111000;-61,25305833000
1469;GENERAL RIVAS;BUENOS AIRES;478;LOCALIDAD CONECTADA;-34,60825510000;-59,74939136000
1472;GENERAL RODRIGUEZ;BUENOS AIRES;85315;LOCALIDAD CONECTADA;-34,60744167000;-58,96486944000
1473;GENERAL ROJO;BUENOS AIRES;2464;LOCALIDAD CONECTADA;-33,46603600000;-60,28413600000
1477;GENERAL VILLEGAS;BUENOS AIRES;18275;LOCALIDAD CONECTADA;-35,04673400000;-63,01529400000
1482;GOBERNADOR CASTRO;BUENOS AIRES;2607;LOCALIDAD CONECTADA;-33,66151389000;-59,87133611000
1505;GONZALEZ MORENO;BUENOS AIRES;1610;LOCALIDAD CONECTADA;-35,55708212000;-63,38075156000
1507;GOROSTIAGA;BUENOS AIRES;324;LOCALIDAD CONECTADA;-34,83892000000;-59,86720000000
1509;GOWLAND;BUENOS AIRES;1738;LOCALIDAD CONECTADA;-34,65455600000;-59,35950000000
1528;GUAMINI;BUENOS AIRES;2845;LOCALIDAD CONECTADA;-37,01524167000;-62,42320278000
1544;GUERRICO;BUENOS AIRES;774;LOCALIDAD CONECTADA;-33,67282800000;-60,40136500000
1554;HENDERSON;BUENOS AIRES;8645;LOCALIDAD CONECTADA;-36,29738889000;-61,72328611000
1564;HERRERA VEGAS;BUENOS AIRES;115;LOCALIDAD CONECTADA;-36,08614800000;-61,40825100000
1567;HILARIO ASCASUBI;BUENOS AIRES;3427;LOCALIDAD CONECTADA;-39,37578096000;-62,64847398000
1625;INGENIERO THOMPSON;BUENOS AIRES;150;LOCALIDAD CONECTADA;-36,61172800000;-62,91433500000
1634;IRALA;BUENOS AIRES;400;LOCALIDAD CONECTADA;-34,77261940000;-60,69081110000
4013;IRIARTE;BUENOS AIRES;0;LOCALIDAD CONECTADA;-34,41622778000;-61,92847500000
1667;JORGE BORN EX TOMAS JOFRE;BUENOS AIRES;201;LOCALIDAD CONECTADA;-34,70049972000;-59,31645255000
1673;JOSE MARIA JAUREGUI;BUENOS AIRES;9140;LOCALIDAD CONECTADA;-34,60285533000;-59,17575291000
1677;JUAN A. DE LA PE헤;BUENOS AIRES;211;LOCALIDAD CONECTADA;-33,83058700000;-60,48796800000
1678;JUAN A. PRADERE;BUENOS AIRES;521;LOCALIDAD CONECTADA;-39,60130556000;-62,65047222000
1679;JUAN ANCHORENA;BUENOS AIRES;976;LOCALIDAD CONECTADA;-33,92502800000;-60,38205100000
1682;JUAN BAUTISTA ALBERDI;BUENOS AIRES;3404;LOCALIDAD CONECTADA;-34,43799440000;-61,80981670000
1689;JUAN JOSE PASO;BUENOS AIRES;2176;LOCALIDAD CONECTADA;-35,85516231000;-62,29805568000
1699;JUNIN;BUENOS AIRES;87509;LOCALIDAD CONECTADA;-34,56901944000;-60,93161111000
1719;LA AURORA;BUENOS AIRES;531;LOCALIDAD CONECTADA;-35,40803500000;-61,20745800000
1751;LA COLINA;BUENOS AIRES;663;LOCALIDAD CONECTADA;-37,36011600000;-61,54007400000
1769;LA EMILIA;BUENOS AIRES;5325;LOCALIDAD CONECTADA;-33,35360800000;-60,31319700000
1803;LA LUISA;BUENOS AIRES;230;LOCALIDAD CONECTADA;-34,13006667000;-59,93204167000
1830;LA PLATA;BUENOS AIRES;643133;LOCALIDAD CONECTADA;-34,94259167000;-57,97458056000
1851;LA RICA;BUENOS AIRES;118;LOCALIDAD CONECTADA;-34,97243244000;-59,86162235000
1884;LAGUNA ALSINA;BUENOS AIRES;1677;LOCALIDAD CONECTADA;-36,80701100000;-62,25094400000
1889;LAGUNA DE LOBOS;BUENOS AIRES;509;LOCALIDAD CONECTADA;-35,27474200000;-59,13405600000
1897;LAGUNA VITEL;BUENOS AIRES;41;LOCALIDAD CONECTADA;-35,54325000000;-58,13744400000
1909;LAPLACETTE;BUENOS AIRES;22;LOCALIDAD CONECTADA;-34,72070100000;-61,15577100000
1910;LAPRIDA;BUENOS AIRES;8840;LOCALIDAD CONECTADA;-37,54680600000;-60,81233300000
1919;LAS ARMAS;BUENOS AIRES;365;LOCALIDAD CONECTADA;-37,08420000000;-57,82728600000
1998;LAS TONINAS;BUENOS AIRES;5278;LOCALIDAD CONECTADA;-36,48849200000;-56,70186900000
2013;LEANDRO N. ALEM;BUENOS AIRES;2468;LOCALIDAD CONECTADA;-34,52261940000;-61,39099160000
2028;LIMA;BUENOS AIRES;10219;LOCALIDAD CONECTADA;-34,04135041000;-59,19685753000
2030;LINCOLN;BUENOS AIRES;28051;LOCALIDAD CONECTADA;-34,86883300000;-61,51250000000
2035;LOBOS;BUENOS AIRES;29868;LOCALIDAD CONECTADA;-35,19045000000;-59,08208300000
2046;LOMAS DEL RIO LUJAN;BUENOS AIRES;261;LOCALIDAD CONECTADA;-34,28116900000;-58,89186100000
2050;LOPEZ;BUENOS AIRES;138;LOCALIDAD CONECTADA;-37,55234400000;-59,62858900000
2052;LOPEZ LECUBE;BUENOS AIRES;32;LOCALIDAD CONECTADA;-38,11794100000;-62,72531100000
2060;LOS ANGELES;BUENOS AIRES;54;LOCALIDAD CONECTADA;-34,45546000000;-60,17889000000
2115;LOS PINOS;BUENOS AIRES;337;LOCALIDAD CONECTADA;-37,94316900000;-58,32489400000
2133;LOS TOLDOS;BUENOS AIRES;14496;LOCALIDAD CONECTADA;-35,00158300000;-61,04023100000
2148;LUCAS MONTEVERDE;BUENOS AIRES;63;LOCALIDAD CONECTADA;-35,48510300000;-59,98992200000
2156;LUJAN;BUENOS AIRES;97363;LOCALIDAD CONECTADA;-34,57906100000;-59,10950300000
2172;MAGDALA;BUENOS AIRES;195;LOCALIDAD CONECTADA;-36,08532000000;-61,72263300000
2198;MANUEL OCAMPO;BUENOS AIRES;1078;LOCALIDAD CONECTADA;-33,76538600000;-60,65036900000
2203;MAR AZUL;BUENOS AIRES;1797;LOCALIDAD CONECTADA;-37,33247155000;-57,04112503000
2204;MAR CHIQUITA;BUENOS AIRES;533;LOCALIDAD CONECTADA;-37,74268600000;-57,43302500000
2206;MAR DE COBO;BUENOS AIRES;760;LOCALIDAD CONECTADA;-37,77396900000;-57,45391700000
2207;MAR DEL PLATA;BUENOS AIRES;593337;LOCALIDAD CONECTADA;-37,99737780000;-57,55039170000
2211;MARCELINO UGARTE;BUENOS AIRES;76;LOCALIDAD CONECTADA;-35,35178900000;-60,74502500000
2213;MARCOS PAZ;BUENOS AIRES;50460;LOCALIDAD CONECTADA;-34,85748611000;-58,89065000000
2224;MARIANO BENITEZ;BUENOS AIRES;168;LOCALIDAD CONECTADA;-33,70775000000;-60,58466700000
2226;MARIANO H. ALFONSO;BUENOS AIRES;1043;LOCALIDAD CONECTADA;-33,91575000000;-60,83602800000
2243;MAYOR BURATOVICH;BUENOS AIRES;5372;LOCALIDAD CONECTADA;-39,26159167000;-62,61654722000
2262;MERCEDES;BUENOS AIRES;56116;LOCALIDAD CONECTADA;-34,67515600000;-59,44055300000
2335;MORSE;BUENOS AIRES;563;LOCALIDAD CONECTADA;-34,75884700000;-60,84036900000
2347;NAPALEUFU;BUENOS AIRES;374;LOCALIDAD CONECTADA;-37,62894400000;-58,74756400000
2353;NAVARRO;BUENOS AIRES;13224;LOCALIDAD CONECTADA;-35,00892800000;-59,28185300000
2379;NUEVA PLATA;BUENOS AIRES;206;LOCALIDAD CONECTADA;-35,92114000000;-61,81026600000
2395;O'HIGGINS;BUENOS AIRES;1266;LOCALIDAD CONECTADA;-34,58380000000;-60,70373900000
2403;OLAVARRIA;BUENOS AIRES;89721;LOCALIDAD CONECTADA;-36,88541900000;-60,30958300000
2408;OLIVERA;BUENOS AIRES;1926;LOCALIDAD CONECTADA;-34,62731700000;-59,25540000000
2414;OPEN DOOR;BUENOS AIRES;5265;LOCALIDAD CONECTADA;-34,49048600000;-59,07435800000
2465;PARADA ROBLES - PAVON;BUENOS AIRES;8941;LOCALIDAD CONECTADA;-34,37675000000;-59,11791700000
2473;PARAJE PAVON - LA ESMERALDA;BUENOS AIRES;989;LOCALIDAD CONECTADA;-36,71259400000;-56,73279700000
2501;PATRICIOS;BUENOS AIRES;745;LOCALIDAD CONECTADA;-35,43902700000;-60,71652400000
2512;PEDRO LURO;BUENOS AIRES;9494;LOCALIDAD CONECTADA;-39,50284200000;-62,68085600000
2514;PEHUAJO;BUENOS AIRES;31533;LOCALIDAD CONECTADA;-35,80866400000;-61,88618100000
2515;PELLEGRINI;BUENOS AIRES;5115;LOCALIDAD CONECTADA;-36,27081100000;-63,15749900000
2520;PERGAMINO;BUENOS AIRES;91399;LOCALIDAD CONECTADA;-33,86063900000;-60,57147200000
2538;PIEDRITAS;BUENOS AIRES;2160;LOCALIDAD CONECTADA;-34,77408300000;-62,98341700000
2541;PIG㏊;BUENOS AIRES;14383;LOCALIDAD CONECTADA;-37,60438900000;-62,41002800000
2543;PILAR;BUENOS AIRES;296826;LOCALIDAD CONECTADA;-34,45866400000;-58,86610000000
2549;PINAMAR;BUENOS AIRES;25397;LOCALIDAD CONECTADA;-37,11765600000;-56,89677800000
2625;PUAN;BUENOS AIRES;4743;LOCALIDAD CONECTADA;-37,54914600000;-62,76871100000
2634;PUEBLO GOUIN;BUENOS AIRES;122;LOCALIDAD CONECTADA;-34,49266000000;-59,80441000000
2727;RAFAEL OBLIGADO;BUENOS AIRES;901;LOCALIDAD CONECTADA;-34,35597700000;-60,78260400000
2731;RAMALLO;BUENOS AIRES;13319;LOCALIDAD CONECTADA;-33,49335833000;-60,01433611000
2741;RANCAGUA;BUENOS AIRES;695;LOCALIDAD CONECTADA;-34,03047500000;-60,50136900000
2743;RANCHOS;BUENOS AIRES;7916;LOCALIDAD CONECTADA;-35,51941700000;-58,30963900000
2748;RAUCH;BUENOS AIRES;12705;LOCALIDAD CONECTADA;-36,77561100000;-59,07728900000
2749;RAWSON;BUENOS AIRES;2123;LOCALIDAD CONECTADA;-34,60525000000;-60,06969000000
2799;RIO TALA;BUENOS AIRES;1814;LOCALIDAD CONECTADA;-33,76966086000;-59,63911192000
2806;RIVERA;BUENOS AIRES;3217;LOCALIDAD CONECTADA;-37,15592600000;-63,24426800000
2818;ROJAS;BUENOS AIRES;19766;LOCALIDAD CONECTADA;-34,20825300000;-60,72754000000
2823;ROQUE PEREZ;BUENOS AIRES;10358;LOCALIDAD CONECTADA;-35,40199400000;-59,34028300000
2841;SAAVEDRA;BUENOS AIRES;2276;LOCALIDAD CONECTADA;-37,76257200000;-62,34704400000
2845;SAFORCADA;BUENOS AIRES;431;LOCALIDAD CONECTADA;-34,57754200000;-61,07586100000
2850;SALADILLO;BUENOS AIRES;26763;LOCALIDAD CONECTADA;-35,63489300000;-59,78663900000
2858;SALIQUELO;BUENOS AIRES;7617;LOCALIDAD CONECTADA;-36,75176700000;-62,96040000000
2862;SALTO;BUENOS AIRES;27466;LOCALIDAD CONECTADA;-34,30625000000;-60,24644400000
2868;SALVADOR MARIA;BUENOS AIRES;830;LOCALIDAD CONECTADA;-35,30016700000;-59,17283300000
2878;SAN ANDRES DE GILES;BUENOS AIRES;16243;LOCALIDAD CONECTADA;-34,44719400000;-59,44197200000
2886;SAN ANTONIO DE ARECO;BUENOS AIRES;19768;LOCALIDAD CONECTADA;-34,24214400000;-59,47415800000
2902;SAN CARLOS DE BOLIVAR;BUENOS AIRES;26242;LOCALIDAD CONECTADA;-36,23825153000;-61,12312154000
2961;SAN JOSE;BUENOS AIRES;2234;LOCALIDAD CONECTADA;-37,50651014000;-61,92107029000
3007;SAN MIGUEL DEL MONTE;BUENOS AIRES;17005;LOCALIDAD CONECTADA;-35,44755600000;-58,81475000000
3010;SAN NICOLAS DE LOS ARROYOS;BUENOS AIRES;133602;LOCALIDAD CONECTADA;-33,33888300000;-60,20096100000
3035;SAN SEBASTIAN;BUENOS AIRES;166;LOCALIDAD CONECTADA;-34,94347220000;-59,70430550000
3037;SAN VICENTE;BUENOS AIRES;58165;LOCALIDAD CONECTADA;-35,02669100000;-58,43468600000
3059;SANTA CLARA DEL MAR;BUENOS AIRES;7713;LOCALIDAD CONECTADA;-37,84204200000;-57,50735600000
3086;SANTA REGINA;BUENOS AIRES;554;LOCALIDAD CONECTADA;-34,54884671000;-63,17312058000
3104;SANTA TRINIDAD;BUENOS AIRES;1474;LOCALIDAD CONECTADA;-37,48786389000;-61,92400278000
3156;SIERRA DE LOS PADRES;BUENOS AIRES;4249;LOCALIDAD CONECTADA;-37,93690000000;-57,78494000000
3179;SOLIS;BUENOS AIRES;1001;LOCALIDAD CONECTADA;-34,29738600000;-59,32353600000
3183;STROEDER;BUENOS AIRES;1998;LOCALIDAD CONECTADA;-40,18815800000;-62,62182500000
3187;SUIPACHA;BUENOS AIRES;8403;LOCALIDAD CONECTADA;-34,77629200000;-59,69628600000
3214;TANDIL;BUENOS AIRES;116916;LOCALIDAD CONECTADA;-37,29973889000;-59,13361111000
3217;TAPALQUE;BUENOS AIRES;7444;LOCALIDAD CONECTADA;-36,36097800000;-60,03127200000
3234;TENIENTE ORIGONE;BUENOS AIRES;145;LOCALIDAD CONECTADA;-39,06134400000;-62,57101400000
3256;TODD;BUENOS AIRES;732;LOCALIDAD CONECTADA;-34,03444300000;-60,15344100000
3264;TORNQUIST;BUENOS AIRES;6473;LOCALIDAD CONECTADA;-38,10586100000;-62,21677800000
3267;TORRES;BUENOS AIRES;2664;LOCALIDAD CONECTADA;-34,42969400000;-59,13163900000
3282;TRENQUE LAUQUEN;BUENOS AIRES;33442;LOCALIDAD CONECTADA;-35,97133600000;-62,74828900000
3283;TRES ALGARROBOS;BUENOS AIRES;3201;LOCALIDAD CONECTADA;-35,19600000000;-62,77272200000
3291;TRES LOMAS;BUENOS AIRES;8061;LOCALIDAD CONECTADA;-36,46590800000;-62,86568600000
3317;URIBELARREA;BUENOS AIRES;1282;LOCALIDAD CONECTADA;-35,12363300000;-58,89140300000
3339;VEDIA;BUENOS AIRES;8827;LOCALIDAD CONECTADA;-34,49135300000;-61,54791400000
3368;VILLA ALSINA;BUENOS AIRES;1488;LOCALIDAD CONECTADA;-33,90718900000;-59,39293100000
3394;VILLA CASTELAR;BUENOS AIRES;31;LOCALIDAD CONECTADA;-37,39298330000;-62,80462770000
3464;VILLA GENERAL SAVIO;BUENOS AIRES;1511;LOCALIDAD CONECTADA;-33,43827800000;-60,14794400000
3465;VILLA GESELL;BUENOS AIRES;29593;LOCALIDAD CONECTADA;-37,25600800000;-56,97453300000
3489;VILLA LAGUNA LA BRAVA;BUENOS AIRES;115;LOCALIDAD CONECTADA;-37,85688600000;-57,98041900000
3538;VILLA RAMALLO;BUENOS AIRES;11280;LOCALIDAD CONECTADA;-33,50201800000;-60,06680200000
3550;VILLA RUIZ;BUENOS AIRES;477;LOCALIDAD CONECTADA;-34,43074160000;-59,26131660000
3595;VILLALONGA;BUENOS AIRES;4517;LOCALIDAD CONECTADA;-39,91121700000;-62,61527800000
3596;VILLANUEVA;BUENOS AIRES;537;LOCALIDAD CONECTADA;-35,67503600000;-58,43599200000
3600;VI헤;BUENOS AIRES;464;LOCALIDAD CONECTADA;-33,98985300000;-60,23051000000
3638;ZARATE;BUENOS AIRES;98522;LOCALIDAD CONECTADA;-34,10519400000;-59,04827800000
3639;ZAVALIA;BUENOS AIRES;327;LOCALIDAD CONECTADA;-34,89458000000;-61,00792700000
1287;CABA;CABA;2954644;LOCALIDAD CONECTADA;-34,60242600000;-58,37964100000
207;AMADORES;CATAMARCA;172;LOCALIDAD CONECTADA;-28,26178300000;-65,63783300000
514;BELEN;CATAMARCA;12256;LOCALIDAD CONECTADA;-27,64672222000;-67,02038889000
643;CAPAYAN;CATAMARCA;636;LOCALIDAD CONECTADA;-28,76009200000;-66,04873900000
707;CASPICHANGO;CATAMARCA;39;LOCALIDAD CONECTADA;-26,73287800000;-65,95222200000
745;CERRO NEGRO;CATAMARCA;24;LOCALIDAD CONECTADA;-28,25919400000;-67,13544400000
762;CHA헤R PUNCO;CATAMARCA;1736;LOCALIDAD CONECTADA;-26,70944200000;-66,06675200000
807;CHUMBICHA;CATAMARCA;4531;LOCALIDAD CONECTADA;-28,85701380000;-66,23546660000
875;COLONIA DEL VALLE;CATAMARCA;854;LOCALIDAD CONECTADA;-28,65305800000;-65,86805800000
906;COLONIA NUEVA CONETA;CATAMARCA;1951;LOCALIDAD CONECTADA;-28,57900300000;-65,83495800000
963;CONDOR HUASI;CATAMARCA;254;LOCALIDAD CONECTADA;-27,49542200000;-67,09583100000
965;CONETA;CATAMARCA;653;LOCALIDAD CONECTADA;-28,58583300000;-65,89055600000
1158;EL DESMONTE;CATAMARCA;144;LOCALIDAD CONECTADA;-26,88487778000;-66,09943611000
1210;EL PORTEZUELO;CATAMARCA;410;LOCALIDAD CONECTADA;-28,47222220000;-65,63611110000
1215;EL PUEBLITO;CATAMARCA;58;LOCALIDAD CONECTADA;-28,28986100000;-67,16272200000
1234;EL SALADO;CATAMARCA;574;LOCALIDAD CONECTADA;-28,30485800000;-67,24676100000
1349;FAMATANCA;CATAMARCA;589;LOCALIDAD CONECTADA;-26,77861100000;-66,08283300000
1402;FUERTE QUEMADO;CATAMARCA;459;LOCALIDAD CONECTADA;-26,62673527000;-66,04818923000
1581;HUALFIN;CATAMARCA;987;LOCALIDAD CONECTADA;-27,22338900000;-66,83344400000
1586;HUAYCAMA 1;CATAMARCA;166;LOCALIDAD CONECTADA;-28,51393100000;-65,67281700000
1591;HUILLAPIMA;CATAMARCA;2416;LOCALIDAD CONECTADA;-28,72434200000;-65,97689400000
1654;JACIPUNCO;CATAMARCA;361;LOCALIDAD CONECTADA;-27,24221400000;-67,00504200000
1923;LA BAJADA;CATAMARCA;141;LOCALIDAD CONECTADA;-28,38161900000;-65,62066900000
1810;LA MERCED;CATAMARCA;1759;LOCALIDAD CONECTADA;-28,15392500000;-65,66036400000
1842;LA PUNTILLA;CATAMARCA;236;LOCALIDAD CONECTADA;-27,68553545000;-66,99396451000
1873;LA VI헤;CATAMARCA;129;LOCALIDAD CONECTADA;-28,03724065000;-65,59662627000
3742;LAS JUNTAS;CATAMARCA;304;LOCALIDAD CONECTADA;-27,53592222000;-67,11920833000
1971;LAS MOJARRAS;CATAMARCA;959;LOCALIDAD CONECTADA;-26,67357800000;-66,05747200000
2048;LONDRES;CATAMARCA;2456;LOCALIDAD CONECTADA;-27,71688100000;-67,13912500000
2055;LORO HUASI;CATAMARCA;1547;LOCALIDAD CONECTADA;-26,73615800000;-66,05340800000
2108;LOS NACIMIENTOS;CATAMARCA;215;LOCALIDAD CONECTADA;-27,16544400000;-66,73550000000
2283;MIRAFLORES;CATAMARCA;1650;LOCALIDAD CONECTADA;-28,59799160000;-65,90390550000
2316;MONTE POTRERO;CATAMARCA;186;LOCALIDAD CONECTADA;-28,18005800000;-65,66256100000
2440;PALO LABRADO;CATAMARCA;223;LOCALIDAD CONECTADA;-28,31832800000;-65,61936700000
2656;PUERTA DE CORRAL QUEMADO;CATAMARCA;575;LOCALIDAD CONECTADA;-27,22583600000;-66,92222200000
2657;PUERTA DE SAN JOSE;CATAMARCA;277;LOCALIDAD CONECTADA;-27,54897200000;-67,00467800000
2697;PUNTA DE BALASTO;CATAMARCA;177;LOCALIDAD CONECTADA;-26,95247800000;-66,13434200000
2723;QUIROS;CATAMARCA;1156;LOCALIDAD CONECTADA;-28,78586400000;-65,11100300000
2758;RECREO;CATAMARCA;11847;LOCALIDAD CONECTADA;-26,80560600000;-66,07272500000
2921;SAN FERNANDO DEL VALLE DE CATAMARCA;CATAMARCA;167096;LOCALIDAD CONECTADA;-28,45730000000;-65,76640000000
3747;SAN JOSE;CATAMARCA;10242;LOCALIDAD CONECTADA;-26,80560600000;-66,07272500000
2958;SAN JOSE;CATAMARCA;10242;LOCALIDAD CONECTADA;-26,80560600000;-66,07272500000
3061;SANTA CRUZ;CATAMARCA;122;LOCALIDAD CONECTADA;-28,50048600000;-65,66819200000
3079;SANTA MARIA;CATAMARCA;11648;LOCALIDAD CONECTADA;-26,69868900000;-66,04104200000
3591;VILLA VIL;CATAMARCA;481;LOCALIDAD CONECTADA;-27,09354100000;-66,82350800000
3625;YAPES;CATAMARCA;129;LOCALIDAD CONECTADA;-26,84455556000;-66,07802500000
324;AVIA TERAI;CHACO;6203;LOCALIDAD CONECTADA;-26,68630600000;-60,72969400000
769;CHARADAI;CHACO;1519;LOCALIDAD CONECTADA;-27,65433056000;-59,86046667000
846;COLONIA ABORIGEN;CHACO;1272;LOCALIDAD CONECTADA;-26,95636700000;-60,20323100000
863;COLONIA BENITEZ;CHACO;2212;LOCALIDAD CONECTADA;-27,33250600000;-58,94691700000
912;COLONIA POPULAR;CHACO;191;LOCALIDAD CONECTADA;-27,27611100000;-59,14869400000
960;CONCEPCION DEL BERMEJO;CHACO;5309;LOCALIDAD CONECTADA;-26,59938900000;-60,94841700000
1023;COTE LAI;CHACO;1323;LOCALIDAD CONECTADA;-27,52838797000;-59,57113735000
1372;FONTANA;CHACO;32027;LOCALIDAD CONECTADA;-27,41809700000;-59,03258300000
1513;GRAL. VEDIA;CHACO;1839;LOCALIDAD CONECTADA;-26,93564134000;-58,66088071000
1770;LA ESCONDIDA;CHACO;3261;LOCALIDAD CONECTADA;-27,10416700000;-59,44638900000
1796;LA LEONESA GNA;CHACO;0;LOCALIDAD CONECTADA;-27,03888900000;-58,70694400000
1856;LA SABANA;CHACO;242;LOCALIDAD CONECTADA;-27,87144400000;-59,93838900000
1885;LAGUNA BLANCA;CHACO;547;LOCALIDAD CONECTADA;-25,13119167000;-58,24661111000
1908;LAPACHITO;CHACO;888;LOCALIDAD CONECTADA;-27,15928936000;-59,38765397000
1976;LAS PALMAS;CHACO;4914;LOCALIDAD CONECTADA;-27,04913300000;-58,68115800000
2090;LOS FRENTONES;CHACO;5520;LOCALIDAD CONECTADA;-26,41154656000;-61,40874265000
2179;MAKALLE;CHACO;4322;LOCALIDAD CONECTADA;-27,20838007000;-59,28647758000
2348;NAPALPI;CHACO;39;LOCALIDAD CONECTADA;-26,90068900000;-60,13014700000
2449;PAMPA DEL INFIERNO;CHACO;9063;LOCALIDAD CONECTADA;-26,50404704000;-61,17636214000
2614;PRESIDENCIA DE LA PLAZA;CHACO;9642;LOCALIDAD CONECTADA;-27,00438900000;-59,83438900000
2616;PRESIDENCIA ROQUE SAENZ PE헤;CHACO;89882;LOCALIDAD CONECTADA;-26,79169444000;-60,42769722000
2661;PUERTO BERMEJO NUEVO;CHACO;1733;LOCALIDAD CONECTADA;-26,90794400000;-58,54475000000
2662;PUERTO BERMEJO VIEJO;CHACO;86;LOCALIDAD CONECTADA;-26,92802800000;-58,50933300000
2666;PUERTO EVA PERON;CHACO;609;LOCALIDAD CONECTADA;-26,66416111000;-58,63248333000
2765;RESISTENCIA;CHACO;290723;LOCALIDAD CONECTADA;-27,45595000000;-58,98723900000
3198;TACO POZO;CHACO;7813;LOCALIDAD CONECTADA;-25,61474722000;-63,26638889000
196;ALTO RIO SENGUER;CHUBUT;1570;LOCALIDAD CONECTADA;-45,03647500000;-70,81206900000
1175;EL HOYO;CHUBUT;1477;LOCALIDAD CONECTADA;-42,06164873000;-71,49517054000
1281;EPUYEN;CHUBUT;1038;LOCALIDAD CONECTADA;-42,22837200000;-71,35508600000
1292;ESQUEL;CHUBUT;32343;LOCALIDAD CONECTADA;-42,90818500000;-71,28746700000
1483;GOBERNADOR COSTA;CHUBUT;2251;LOCALIDAD CONECTADA;-44,05471100000;-70,60920300000
1671;JOSE DE SAN MARTIN;CHUBUT;1612;LOCALIDAD CONECTADA;-44,04903100000;-70,47682200000
1881;LAGO EPUYEN;CHUBUT;392;LOCALIDAD CONECTADA;-42,21833500000;-71,41663800000
1882;LAGO PUELO;CHUBUT;3129;LOCALIDAD CONECTADA;-42,02600217000;-71,54626756000
2792;RIO MAYO;CHUBUT;2791;LOCALIDAD CONECTADA;-45,69104200000;-70,24968100000
3228;TECKA;CHUBUT;1237;LOCALIDAD CONECTADA;-43,50034400000;-70,80490800000
113;ADELIA MARIA;CORDOBA;7586;LOCALIDAD CONECTADA;-33,63325800000;-64,01292200000
142;ALCIRA GIGENA;CORDOBA;5919;LOCALIDAD CONECTADA;-32,75384740000;-64,34025712000
178;ALMAFUERTE;CORDOBA;11422;LOCALIDAD CONECTADA;-32,19078889000;-64,26303611000
285;ARROYITO;CORDOBA;22147;LOCALIDAD CONECTADA;-31,41596400000;-63,04461100000
320;AVELLANEDA;CORDOBA;282;LOCALIDAD CONECTADA;-30,59506100000;-64,20645000000
347;BALLESTEROS;CORDOBA;3928;LOCALIDAD CONECTADA;-32,54424400000;-62,97539700000
367;BA헤DO DE SOTO;CORDOBA;466;LOCALIDAD CONECTADA;-30,79446100000;-65,05282500000
516;BELL VILLE;CORDOBA;34765;LOCALIDAD CONECTADA;-32,61299700000;-62,69432500000
542;BERROTARAN;CORDOBA;6869;LOCALIDAD CONECTADA;-32,44916200000;-64,39353700000
557;BOUWER;CORDOBA;656;LOCALIDAD CONECTADA;-31,55794200000;-64,19308900000
568;BULNES;CORDOBA;1051;LOCALIDAD CONECTADA;-33,50151400000;-64,67898200000
646;CAPILLA DE LOS REMEDIOS;CORDOBA;797;LOCALIDAD CONECTADA;-31,42955833000;-63,83223056000
680;CARNERILLO;CORDOBA;1867;LOCALIDAD CONECTADA;-32,91162862000;-64,02265127000
702;CASEROS CENTRO;CORDOBA;243;LOCALIDAD CONECTADA;-31,56156389000;-64,14769722000
753;CHAJAN;CORDOBA;767;LOCALIDAD CONECTADA;-33,55332896000;-65,00178909000
805;CHUCUL;CORDOBA;304;LOCALIDAD CONECTADA;-33,01079100000;-64,17040970000
4079;CHUCUL;CORDOBA;304;LOCALIDAD CONECTADA;-33,01906700000;-64,18313300000
808;CHU헤;CORDOBA;550;LOCALIDAD CONECTADA;-30,46912222000;-64,66612222000
978;CORDOBA;CORDOBA;1317298;LOCALIDAD CONECTADA;-31,43919444000;-64,18978056000
983;CORONEL BAIGORRIA;CORDOBA;1456;LOCALIDAD CONECTADA;-32,85049429000;-64,36101665000
998;CORONEL MOLDES;CORDOBA;9005;LOCALIDAD CONECTADA;-33,61643800000;-64,59250100000
1010;CORRALITO;CORDOBA;1727;LOCALIDAD CONECTADA;-32,01735154000;-64,19924005000
1040;CRUZ DEL EJE;CORDOBA;30680;LOCALIDAD CONECTADA;-30,72420556000;-64,80055833000
1058;DALMACIO VELEZ;CORDOBA;1497;LOCALIDAD CONECTADA;-32,61218300000;-63,57846700000
1065;DEAN FUNES;CORDOBA;21211;LOCALIDAD CONECTADA;-30,42289444000;-64,35716111000
1074;DESPE헤DEROS;CORDOBA;5758;LOCALIDAD CONECTADA;-31,81759444000;-64,29596389000
1077;DEVOTO;CORDOBA;6057;LOCALIDAD CONECTADA;-31,40551389000;-62,30051667000
1140;EL CHACHO;CORDOBA;154;LOCALIDAD CONECTADA;-30,79963056000;-65,65626389000
1173;EL FUERTECITO;CORDOBA;297;LOCALIDAD CONECTADA;-31,40458611000;-62,97202778000
1249;EL TIO;CORDOBA;1903;LOCALIDAD CONECTADA;-31,38136667000;-62,82955556000
1264;ELENA;CORDOBA;2985;LOCALIDAD CONECTADA;-32,56844400000;-64,39766200000
1433;GENERAL CABRERA;CORDOBA;11734;LOCALIDAD CONECTADA;-32,80883600000;-63,85993100000
1442;GENERAL FOTHERINGHAM;CORDOBA;313;LOCALIDAD CONECTADA;-32,32371182000;-63,86801486000
1454;GENERAL LEVALLE;CORDOBA;5697;LOCALIDAD CONECTADA;-34,00695000000;-63,91530000000
1461;GENERAL PAZ;CORDOBA;1925;LOCALIDAD CONECTADA;-31,13606389000;-64,14015000000
1559;HERNANDO;CORDOBA;10109;LOCALIDAD CONECTADA;-32,55386667000;-63,59850000000
1560;HERNANDO CIUDAD;CORDOBA;10614;LOCALIDAD CONECTADA;-32,42283600000;-63,73878300000
1663;JESUS MARIA;CORDOBA;31602;LOCALIDAD CONECTADA;-30,98614980000;-64,08999883000
1709;KILOMETRO 658;CORDOBA;365;LOCALIDAD CONECTADA;-31,37046825000;-63,53287555000
1720;LA BAJADA;CORDOBA;97;LOCALIDAD CONECTADA;-32,09472900000;-64,33091600000
1778;LA FRANCIA;CORDOBA;3720;LOCALIDAD CONECTADA;-31,40524167000;-62,63394444000
1878;LABOULAYE;CORDOBA;20534;LOCALIDAD CONECTADA;-34,12267222000;-63,39315278000
1893;LAGUNA LARGA;CORDOBA;7437;LOCALIDAD CONECTADA;-31,77523889000;-63,79956111000
1983;LAS PERDICES;CORDOBA;5084;LOCALIDAD CONECTADA;-32,69505000000;-63,69960000000
2006;LAS VERTIENTES;CORDOBA;766;LOCALIDAD CONECTADA;-33,28649200000;-64,58071900000
2020;LEONES;CORDOBA;10391;LOCALIDAD CONECTADA;-32,67161389000;-62,31472500000
2086;LOS CONDORES;CORDOBA;2879;LOCALIDAD CONECTADA;-32,32466742000;-64,28291828000
2102;LOS MOLINOS;CORDOBA;260;LOCALIDAD CONECTADA;-31,85492500000;-64,37757778000
2117;LOS POZOS;CORDOBA;91;LOCALIDAD CONECTADA;-30,51999444000;-64,25367500000
2143;LOZADA;CORDOBA;1013;LOCALIDAD CONECTADA;-31,64772778000;-64,09054167000
2150;LUCIO V MANSILLA;CORDOBA;782;LOCALIDAD CONECTADA;-29,80227800000;-64,70822200000
2185;MALENA;CORDOBA;368;LOCALIDAD CONECTADA;-33,49053014000;-64,43718517000
2193;MANFREDI;CORDOBA;961;LOCALIDAD CONECTADA;-31,84642500000;-63,74310833000
2212;MARCOS JUAREZ;CORDOBA;27004;LOCALIDAD CONECTADA;-32,69288600000;-62,08998300000
2308;MONTE DE LOS GAUCHOS;CORDOBA;675;LOCALIDAD CONECTADA;-33,63819444000;-63,89060278000
2318;MONTE RALO;CORDOBA;518;LOCALIDAD CONECTADA;-31,90853300000;-64,24140800000
2334;MORRISON;CORDOBA;3345;LOCALIDAD CONECTADA;-32,58661944000;-62,83454722000
2406;OLIVA;CORDOBA;11672;LOCALIDAD CONECTADA;-32,03630964000;-63,57058285000
2413;ONCATIVO;CORDOBA;13180;LOCALIDAD CONECTADA;-31,90966700000;-63,68102800000
2481;PARQUE NORTE - CIUDAD DE LOS NIDOS - VIL;CORDOBA;5996;LOCALIDAD CONECTADA;-31,29548889000;-64,17578333000
2495;PASO VIEJO;CORDOBA;1033;LOCALIDAD CONECTADA;-30,76697778000;-65,19025000000
2545;PILAR;CORDOBA;14735;LOCALIDAD CONECTADA;-31,68173889000;-63,88044444000
2717;QUILINO;CORDOBA;4092;LOCALIDAD CONECTADA;-30,21365341000;-64,49597644000
2726;RAFAEL GARCIA;CORDOBA;555;LOCALIDAD CONECTADA;-31,64705556000;-64,25920556000
2786;RIO CUARTO;CORDOBA;157010;LOCALIDAD CONECTADA;-33,10645278000;-64,38693056000
2796;RIO PRIMERO;CORDOBA;7044;LOCALIDAD CONECTADA;-31,33480600000;-63,62111100000
2800;RIO TERCERO;CORDOBA;46421;LOCALIDAD CONECTADA;-32,17153489000;-64,09687002000
2824;ROSALES;CORDOBA;525;LOCALIDAD CONECTADA;-34,17432009000;-63,15289388000
4072;SAMPACHO;CORDOBA;7716;LOCALIDAD CONECTADA;-33,38741389000;-64,73015833000
2873;SAN AGUSTIN;CORDOBA;3317;LOCALIDAD CONECTADA;-31,97598444000;-64,37764921000
2892;SAN BASILIO;CORDOBA;3160;LOCALIDAD CONECTADA;-33,49868000000;-64,31245300000
2922;SAN FRANCISCO;CORDOBA;61750;LOCALIDAD CONECTADA;-31,42003889000;-62,10932500000
2969;SAN JOSE DE LAS SALINAS;CORDOBA;662;LOCALIDAD CONECTADA;-30,00833744000;-64,62203346000
2989;SAN MARCOS SUD;CORDOBA;3248;LOCALIDAD CONECTADA;-32,63026944000;-62,48245000000
3054;SANTA CATALINA;CORDOBA;74;LOCALIDAD CONECTADA;-33,20520100000;-64,43408000000
3109;SANTIAGO TEMPLE;CORDOBA;2779;LOCALIDAD CONECTADA;-31,38528333000;-63,41868611000
3128;SARMIENTO;CORDOBA;1288;LOCALIDAD CONECTADA;-30,77575000000;-64,10851389000
3151;SERREZUELA;CORDOBA;2441;LOCALIDAD CONECTADA;-30,63915471000;-65,39251412000
3168;SINSACATE;CORDOBA;1317;LOCALIDAD CONECTADA;-30,94303600000;-64,09477200000
3171;SOCAVONES;CORDOBA;263;LOCALIDAD CONECTADA;-31,52745000000;-64,14669444000
3213;TANCACHA;CORDOBA;5298;LOCALIDAD CONECTADA;-32,23435833000;-63,98390000000
3251;TIO PUJIO;CORDOBA;2655;LOCALIDAD CONECTADA;-32,28613800000;-63,35345500000
3277;TRANSITO;CORDOBA;2886;LOCALIDAD CONECTADA;-31,42457500000;-63,19341944000
3299;TUCLAME;CORDOBA;907;LOCALIDAD CONECTADA;-30,74727910000;-65,23772051000
3354;VICU헤 MACKENNA;CORDOBA;10021;LOCALIDAD CONECTADA;-33,92585278000;-64,38504722000
3417;VILLA DE SOTO;CORDOBA;9628;LOCALIDAD CONECTADA;-30,85405556000;-65,01383333000
3430;VILLA DEL TOTORAL;CORDOBA;8211;LOCALIDAD CONECTADA;-30,70451670000;-64,05856389000
3431;VILLA DEL TRANSITO;CORDOBA;227;LOCALIDAD CONECTADA;-31,44573889000;-63,19451111000
3473;VILLA GUTIERREZ;CORDOBA;236;LOCALIDAD CONECTADA;-30,67965696000;-64,16012712000
3502;VILLA LOS LLANOS;CORDOBA;6272;LOCALIDAD CONECTADA;-31,27766111000;-64,16426944000
3510;VILLA MARIA;CORDOBA;79351;LOCALIDAD CONECTADA;-32,42468851000;-63,30947680000
519;BELLA VISTA;CORRIENTES;29071;LOCALIDAD CONECTADA;-28,51792500000;-59,03736111000
554;BONPLAND;CORRIENTES;1029;LOCALIDAD CONECTADA;-29,81708333000;-57,42736111000
1012;CORRIENTES;CORRIENTES;346334;LOCALIDAD CONECTADA;-27,47389160000;-58,85351940000
1038;CRUZ DE LOS MILAGROS;CORRIENTES;143;LOCALIDAD CONECTADA;-28,83697222000;-59,00372222000
1244;EL SOMBRERO;CORRIENTES;707;LOCALIDAD CONECTADA;-27,70127778000;-58,76213889000
1276;EMPEDRADO;CORRIENTES;9258;LOCALIDAD CONECTADA;-27,95303230000;-58,80502364000
1293;ESQUINA;CORRIENTES;19081;LOCALIDAD CONECTADA;-30,01525000000;-59,52844444000
1510;GOYA;CORRIENTES;71606;LOCALIDAD CONECTADA;-29,16084185000;-59,24927597000
1650;ITUZAINGO;CORRIENTES;19575;LOCALIDAD CONECTADA;-27,58522220000;-56,69122222000
1692;JUAN PUJOL;CORRIENTES;1349;LOCALIDAD CONECTADA;-30,41752222000;-57,85645556000
2010;LAVALLE;CORRIENTES;2990;LOCALIDAD CONECTADA;-29,02874688000;-59,17850500000
2294;MOCORETA;CORRIENTES;5974;LOCALIDAD CONECTADA;-30,61536111000;-57,97052778000
2306;MONTE CASEROS;CORRIENTES;23470;LOCALIDAD CONECTADA;-30,25519444000;-57,65275000000
2462;PARADA LABOUGLE;CORRIENTES;492;LOCALIDAD CONECTADA;-30,31732500000;-57,72999444000
2464;PARADA PUCHETA;CORRIENTES;328;LOCALIDAD CONECTADA;-29,90534540000;-57,57436935000
2491;PASO DE LOS LIBRES;CORRIENTES;43251;LOCALIDAD CONECTADA;-29,71777000000;-57,11586600000
2769;RIACHUELO;CORRIENTES;1965;LOCALIDAD CONECTADA;-27,58302368000;-58,74638889000
2898;SAN CARLOS;CORRIENTES;2454;LOCALIDAD CONECTADA;-27,74446944000;-55,90027778000
2980;SAN LORENZO;CORRIENTES;2569;LOCALIDAD CONECTADA;-28,13557222000;-58,76494444000
3072;SANTA LUCIA;CORRIENTES;11589;LOCALIDAD CONECTADA;-28,97436783000;-59,09888960000
3408;VILLA CORDOBA;CORRIENTES;586;LOCALIDAD CONECTADA;-28,99281111000;-59,07912800000
3617;20 DE SEPTIEMBRE;ENTRE RIOS;187;LOCALIDAD CONECTADA;-32,39072220000;-59,66150000000
3778;ALCARAZ _PUEBLO ARRUA;ENTRE RIOS;2531;LOCALIDAD CONECTADA;-31,45463890000;-59,59380556000
146;ALDEA ASUNCION;ENTRE RIOS;263;LOCALIDAD CONECTADA;-32,82930830000;-59,22663333000
148;ALDEA BRASILERA;ENTRE RIOS;895;LOCALIDAD CONECTADA;-31,89194444000;-60,58544444000
152;ALDEA MARIA LUISA;ENTRE RIOS;773;LOCALIDAD CONECTADA;-31,88480103000;-60,41149878000
153;ALDEA PROTESTANTE;ENTRE RIOS;519;LOCALIDAD CONECTADA;-32,02838889000;-60,56577778000
154;ALDEA SALTO;ENTRE RIOS;102;LOCALIDAD CONECTADA;-31,92641667000;-60,54625000000
155;ALDEA SAN ANTONIO;ENTRE RIOS;1091;LOCALIDAD CONECTADA;-32,62413400000;-58,70305000000
156;ALDEA SAN FRANCISCO;ENTRE RIOS;42;LOCALIDAD CONECTADA;-31,96191667000;-60,63581389000
157;ALDEA SAN ISIDRO;ENTRE RIOS;353;LOCALIDAD CONECTADA;-30,97286110000;-58,99875000000
158;ALDEA SAN JUAN;ENTRE RIOS;179;LOCALIDAD CONECTADA;-32,69750000000;-58,76741667000
159;ALDEA SAN RAFAEL;ENTRE RIOS;144;LOCALIDAD CONECTADA;-31,95757778000;-60,25404167000
160;ALDEA SANTA MARIA;ENTRE RIOS;302;LOCALIDAD CONECTADA;-31,61012500000;-60,00409722000
162;ALDEA SANTA ROSA;ENTRE RIOS;71;LOCALIDAD CONECTADA;-32,01350556000;-60,24024167000
163;ALDEA SPATZENKUTTER;ENTRE RIOS;355;LOCALIDAD CONECTADA;-31,94675833000;-60,58180278000
164;ALDEA VALLE MARIA;ENTRE RIOS;2149;LOCALIDAD CONECTADA;-31,98661389000;-60,58496944000
187;ALTAMIRANO SUR;ENTRE RIOS;62;LOCALIDAD CONECTADA;-32,09529500000;-59,17490000000
243;ANTELO;ENTRE RIOS;211;LOCALIDAD CONECTADA;-32,53337500000;-60,03477778000
259;ARANGUREN;ENTRE RIOS;1571;LOCALIDAD CONECTADA;-32,24448611000;-60,15587500000
508;BASAVILBASO;ENTRE RIOS;9485;LOCALIDAD CONECTADA;-32,37117222000;-58,87845833000
544;BETBEDER;ENTRE RIOS;145;LOCALIDAD CONECTADA;-32,37327500000;-59,92775556000
558;BOVRIL;ENTRE RIOS;8577;LOCALIDAD CONECTADA;-31,34015000000;-59,43371944000
587;CALABACILLA;ENTRE RIOS;879;LOCALIDAD CONECTADA;-31,50665833000;-58,13470556000
701;CASEROS;ENTRE RIOS;1948;LOCALIDAD CONECTADA;-32,46175000000;-58,47422222000
738;CERRITO;ENTRE RIOS;5310;LOCALIDAD CONECTADA;-31,57397778000;-60,07709167000
754;CHAJARI;ENTRE RIOS;32734;LOCALIDAD CONECTADA;-30,75574444000;-57,98850556000
883;COLONIA ENSAYO;ENTRE RIOS;255;LOCALIDAD CONECTADA;-31,86516667000;-60,57591667000
910;COLONIA PE헤;ENTRE RIOS;58;LOCALIDAD CONECTADA;-30,80135000000;-58,18826389000
925;COLONIA SANTA MARIA;ENTRE RIOS;352;LOCALIDAD CONECTADA;-30,61268889000;-58,17001944000
961;CONCEPCION DEL URUGUAY;ENTRE RIOS;72528;LOCALIDAD CONECTADA;-32,48446389000;-58,25335000000
962;CONCORDIA;ENTRE RIOS;149450;LOCALIDAD CONECTADA;-31,38165833000;-58,01830556000
968;CONSCRIPTO BERNARDI;ENTRE RIOS;1339;LOCALIDAD CONECTADA;-31,04508333000;-59,08746944000
1029;CRESPO;ENTRE RIOS;19536;LOCALIDAD CONECTADA;-32,04451111000;-60,30311944000
1080;DIAMANTE;ENTRE RIOS;19142;LOCALIDAD CONECTADA;-32,07167778000;-60,63232222000
1094;DON CRISTOBAL;ENTRE RIOS;29;LOCALIDAD CONECTADA;-32,07224444000;-59,99410000000
1107;DURAZNO;ENTRE RIOS;294;LOCALIDAD CONECTADA;-31,98889722000;-59,28122222000
1146;EL CIMARRON;ENTRE RIOS;634;LOCALIDAD CONECTADA;-30,98631142000;-58,97818793000
1197;EL PALENQUE;ENTRE RIOS;155;LOCALIDAD CONECTADA;-31,65583056000;-60,16800278000
1207;EL PINGO;ENTRE RIOS;766;LOCALIDAD CONECTADA;-31,58163333000;-59,89108333000
1242;EL SOLAR;ENTRE RIOS;194;LOCALIDAD CONECTADA;-31,17510000000;-59,73229444000
1278;ENRIQUE CARBO;ENTRE RIOS;750;LOCALIDAD CONECTADA;-33,15299160000;-59,21155830000
1300;ESTACION ARROYO CLE;ENTRE RIOS;119;LOCALIDAD CONECTADA;-32,63466944000;-59,40154444000
1302;ESTACION CAMPS;ENTRE RIOS;171;LOCALIDAD CONECTADA;-32,11102778000;-60,22819444000
1307;ESTACION ESCRI헤;ENTRE RIOS;47;LOCALIDAD CONECTADA;-32,59473300000;-58,90505900000
1310;ESTACION LAZO;ENTRE RIOS;175;LOCALIDAD CONECTADA;-32,87055556000;-59,42205556000
1315;ESTACION RAICES;ENTRE RIOS;138;LOCALIDAD CONECTADA;-31,91000000000;-59,25994444000
1325;ESTANCIA GRANDE;ENTRE RIOS;578;LOCALIDAD CONECTADA;-31,48203700000;-58,17550100000
1327;ESTANCIA SAN PEDRO;ENTRE RIOS;67;LOCALIDAD CONECTADA;-32,34246944000;-58,64832778000
1354;FAUSTINO M. PARERA;ENTRE RIOS;158;LOCALIDAD CONECTADA;-32,80370000000;-58,88147500000
1356;FEDERAL;ENTRE RIOS;16075;LOCALIDAD CONECTADA;-30,94312500000;-58,78145000000
1396;FREITAS SAN PEDRO;ENTRE RIOS;277;LOCALIDAD CONECTADA;-30,75515278000;-58,07944722000
1424;GENERAL ALMADA;ENTRE RIOS;144;LOCALIDAD CONECTADA;-32,83676622000;-58,80586185000
1425;GENERAL ALVEAR;ENTRE RIOS;438;LOCALIDAD CONECTADA;-31,95069444000;-60,67189722000
1434;GENERAL CAMPOS;ENTRE RIOS;2994;LOCALIDAD CONECTADA;-31,52683333000;-58,40852778000
1443;GENERAL GALARZA;ENTRE RIOS;4741;LOCALIDAD CONECTADA;-32,72915000000;-59,39337778000
1467;GENERAL RACEDO;ENTRE RIOS;540;LOCALIDAD CONECTADA;-31,98536667000;-60,40798333000
1468;GENERAL RAMIREZ;ENTRE RIOS;8868;LOCALIDAD CONECTADA;-32,16919444000;-60,19952778000
1480;GILBERT;ENTRE RIOS;996;LOCALIDAD CONECTADA;-32,53712500000;-58,93338056000
1486;GOBERNADOR ECHAG㏊;ENTRE RIOS;201;LOCALIDAD CONECTADA;-32,39453333000;-59,27514167000
1487;GOBERNADOR FEBRE;ENTRE RIOS;127;LOCALIDAD CONECTADA;-32,47481944000;-59,91341944000
1493;GOBERNADOR MANSILLA;ENTRE RIOS;2046;LOCALIDAD CONECTADA;-32,54772222000;-59,35452778000
1496;GOBERNADOR SOLA;ENTRE RIOS;491;LOCALIDAD CONECTADA;-32,33750000000;-59,37033333000
1525;GUALEGUAY;ENTRE RIOS;40507;LOCALIDAD CONECTADA;-33,13193611000;-59,31715833000
1526;GUALEGUAYCHU;ENTRE RIOS;80614;LOCALIDAD CONECTADA;-33,01216944000;-58,53351944000
1534;GUARDAMONTE;ENTRE RIOS;101;LOCALIDAD CONECTADA;-32,08483333000;-59,30802778000
1549;HASENKAMP;ENTRE RIOS;4805;LOCALIDAD CONECTADA;-31,50705833000;-59,83685556000
1558;HERNANDEZ;ENTRE RIOS;1510;LOCALIDAD CONECTADA;-32,33327778000;-60,02527778000
1562;HERRERA;ENTRE RIOS;1251;LOCALIDAD CONECTADA;-32,43439167000;-58,63621667000
1622;INGENIERO MIGUEL SAJAROFF;ENTRE RIOS;399;LOCALIDAD CONECTADA;-31,95608333000;-58,84758333000
1635;IRAZUSTA;ENTRE RIOS;298;LOCALIDAD CONECTADA;-32,92750000000;-58,95600000000
1695;JUBILEO;ENTRE RIOS;631;LOCALIDAD CONECTADA;-31,73344444000;-58,63352778000
1757;LA CRIOLLA;ENTRE RIOS;1543;LOCALIDAD CONECTADA;-31,26883333000;-58,11322222000
1825;LA PAZ;ENTRE RIOS;24307;LOCALIDAD CONECTADA;-30,73535000000;-59,63423611000
1829;LA PICADA;ENTRE RIOS;564;LOCALIDAD CONECTADA;-31,72625000000;-60,29427778000
1890;LAGUNA DEL PESCADO;ENTRE RIOS;0;LOCALIDAD CONECTADA;-32,68591667000;-60,01425000000
1914;LARROQUE;ENTRE RIOS;6180;LOCALIDAD CONECTADA;-33,04352778000;-58,99761111000
1952;LAS GUACHAS;ENTRE RIOS;66;LOCALIDAD CONECTADA;-32,46772222000;-59,17319444000
1973;LAS MOSCAS;ENTRE RIOS;383;LOCALIDAD CONECTADA;-32,09055556000;-58,95808333000
2022;LIBAROS;ENTRE RIOS;230;LOCALIDAD CONECTADA;-32,26019395000;-58,90904752000
2080;LOS CHARRUAS;ENTRE RIOS;3306;LOCALIDAD CONECTADA;-31,16891667000;-58,18538889000
2087;LOS CONQUISTADORES;ENTRE RIOS;1177;LOCALIDAD CONECTADA;-30,58986111000;-58,46502778000
2147;LUCAS GONZALEZ;ENTRE RIOS;4364;LOCALIDAD CONECTADA;-32,38880556000;-59,52877222000
2167;MACIA;ENTRE RIOS;5870;LOCALIDAD CONECTADA;-32,17038889000;-59,39627778000
2217;MARIA GRANDE;ENTRE RIOS;7557;LOCALIDAD CONECTADA;-31,66416389000;-59,89933611000
2365;NOGOYA;ENTRE RIOS;22824;LOCALIDAD CONECTADA;-32,39550833000;-59,78256944000
2382;NUEVA VIZCAYA;ENTRE RIOS;379;LOCALIDAD CONECTADA;-30,96779722000;-58,61166389000
2420;ORO VERDE;ENTRE RIOS;4116;LOCALIDAD CONECTADA;-31,82996111000;-60,52098889000
2422;OSVALDO MAGNASCO;ENTRE RIOS;1241;LOCALIDAD CONECTADA;-31,31333300000;-58,05983300000
2472;PARAJE LA VIRGEN;ENTRE RIOS;59;LOCALIDAD CONECTADA;-31,91578987000;-60,65172390000
2475;PARANA;ENTRE RIOS;247139;LOCALIDAD CONECTADA;-31,74019722000;-60,53439167000
2488;PASO DE LA LAGUNA;ENTRE RIOS;348;LOCALIDAD CONECTADA;-31,80158333000;-59,15913889000
3769;PUEBLO BELLOCQ _LAS GARZAS;ENTRE RIOS;296;LOCALIDAD CONECTADA;-31,42843333000;-59,74507500000
2680;PUERTO RUIZ;ENTRE RIOS;347;LOCALIDAD CONECTADA;-33,22122222000;-59,36337222000
2775;RINCON DE NOGOYA;ENTRE RIOS;994;LOCALIDAD CONECTADA;-32,78113889000;-59,90544444000
2811;ROCAMORA;ENTRE RIOS;281;LOCALIDAD CONECTADA;-32,34185556000;-58,96866667000
2830;ROSARIO DEL TALA;ENTRE RIOS;12801;LOCALIDAD CONECTADA;-32,30294440000;-59,13113330000
2893;SAN BENITO;ENTRE RIOS;9105;LOCALIDAD CONECTADA;-31,77920581000;-60,44202472000
2938;SAN GUSTAVO;ENTRE RIOS;1325;LOCALIDAD CONECTADA;-30,68958333000;-59,39372222000
2947;SAN JAIME DE LA FRONTERA;ENTRE RIOS;4143;LOCALIDAD CONECTADA;-30,34036111000;-58,31655556000
2964;SAN JOSE DE FELICIANO;ENTRE RIOS;10282;LOCALIDAD CONECTADA;-30,38419444000;-58,75016667000
3032;SAN SALVADOR;ENTRE RIOS;12733;LOCALIDAD CONECTADA;-31,62430556000;-58,51511111000
3041;SAN VICTOR;ENTRE RIOS;325;LOCALIDAD CONECTADA;-30,48917500000;-59,03319444000
3052;SANTA ANITA;ENTRE RIOS;1187;LOCALIDAD CONECTADA;-32,17932151000;-58,78968283000
3135;SAUCE DE LUNA;ENTRE RIOS;2845;LOCALIDAD CONECTADA;-31,23784444000;-59,21733056000
3136;SAUCE MONTRULL;ENTRE RIOS;746;LOCALIDAD CONECTADA;-31,74334720000;-60,36095556000
3144;SEGUI;ENTRE RIOS;3695;LOCALIDAD CONECTADA;-31,96060278000;-60,12542222000
3169;SIR LEONARD;ENTRE RIOS;281;LOCALIDAD CONECTADA;-31,38955556000;-59,50119444000
3180;SOSA;ENTRE RIOS;495;LOCALIDAD CONECTADA;-31,73835556000;-59,91006667000
3197;TABOSSI;ENTRE RIOS;1322;LOCALIDAD CONECTADA;-31,80084722000;-59,93928333000
3239;TEZANOS PINTOS;ENTRE RIOS;198;LOCALIDAD CONECTADA;-31,86907778000;-60,49457500000
3316;URDINARRAIN;ENTRE RIOS;8580;LOCALIDAD CONECTADA;-32,67883333000;-58,89186111000
3347;VIALE;ENTRE RIOS;9383;LOCALIDAD CONECTADA;-31,87345000000;-60,00747222000
3352;VICTORIA;ENTRE RIOS;30623;LOCALIDAD CONECTADA;-32,63017500000;-60,14625556000
3402;VILLA CLARA;ENTRE RIOS;2726;LOCALIDAD CONECTADA;-31,83051667000;-58,82408333000
3433;VILLA DOMINGUEZ;ENTRE RIOS;1791;LOCALIDAD CONECTADA;-31,98622500000;-58,96513100000
3452;VILLA FONTANA;ENTRE RIOS;160;LOCALIDAD CONECTADA;-31,90468056000;-60,47508333000
3456;VILLA GDOR. LUIS F. ETCHEVEHERE;ENTRE RIOS;215;LOCALIDAD CONECTADA;-31,93297220000;-60,42769440000
3496;VILLA LIBERTADOR SAN MARTIN;ENTRE RIOS;6312;LOCALIDAD CONECTADA;-32,06666667000;-60,45166667000
3507;VILLA MANTERO;ENTRE RIOS;1427;LOCALIDAD CONECTADA;-32,39466667000;-58,74672222000
3563;VILLA SAN JUSTO;ENTRE RIOS;1337;LOCALIDAD CONECTADA;-32,44892778000;-58,43461667000
3565;VILLA SAN MARCIAL;ENTRE RIOS;639;LOCALIDAD CONECTADA;-32,17997222000;-58,92969444000
3594;VILLAGUAY;ENTRE RIOS;32881;LOCALIDAD CONECTADA;-31,86368889000;-59,03486111000
506;BARTOLOME DE LAS CASAS;FORMOSA;1134;LOCALIDAD CONECTADA;-25,40875889000;-59,57087908000
639;CA헤DA XII;FORMOSA;0;LOCALIDAD CONECTADA;-25,88162778000;-58,08538611000
827;CLORINDA;FORMOSA;52837;LOCALIDAD CONECTADA;-25,28840833000;-57,72604444000
1374;FORMOSA;FORMOSA;222226;LOCALIDAD CONECTADA;-26,20588889000;-58,20706389000
1516;GRAN GUARDIA;FORMOSA;916;LOCALIDAD CONECTADA;-25,86412778000;-58,88882778000
1600;IBARRETA;FORMOSA;9429;LOCALIDAD CONECTADA;-25,21574167000;-59,85787222000
1612;ING. GUILLERMO N. JUAREZ;FORMOSA;13438;LOCALIDAD CONECTADA;-23,89759722000;-61,85263333000
1898;LAGUNA YEMA;FORMOSA;3617;LOCALIDAD CONECTADA;-24,25404167000;-61,24861389000
1967;LAS LOMITAS;FORMOSA;12399;LOCALIDAD CONECTADA;-24,71317500000;-60,59307222000
2561;PIRANE;FORMOSA;20335;LOCALIDAD CONECTADA;-25,73036389000;-59,10506944000
2768;RIACHO NEGRO;FORMOSA;720;LOCALIDAD CONECTADA;-25,42457500000;-57,79273333000
105;ABRA PAMPA;JUJUY;8705;LOCALIDAD CONECTADA;-22,72428300000;-65,68889200000
280;ARRAYANAL;JUJUY;855;LOCALIDAD CONECTADA;-24,17766667000;-64,84009444000
358;BANANAL;JUJUY;689;LOCALIDAD CONECTADA;-23,56561111000;-64,50236111000
369;BARCENA;JUJUY;139;LOCALIDAD CONECTADA;-23,98247500000;-65,45291100000
448;BARRIO LA UNION;JUJUY;700;LOCALIDAD CONECTADA;-24,40512778000;-65,06995000000
504;BARRIOS;JUJUY;187;LOCALIDAD CONECTADA;-22,24627796000;-65,52787171000
586;CAIMANCITO;JUJUY;5336;LOCALIDAD CONECTADA;-23,74033300000;-64,60233300000
594;CALILEGUA;JUJUY;5997;LOCALIDAD CONECTADA;-23,77252778000;-64,77600000000
624;CANGREJILLOS;JUJUY;181;LOCALIDAD CONECTADA;-22,42572222000;-65,58213889000
704;CASIRA;JUJUY;176;LOCALIDAD CONECTADA;-21,97830556000;-65,89527222000
756;CHALICAN;JUJUY;1062;LOCALIDAD CONECTADA;-24,06906667000;-64,80698889000
815;CIENAGA DE PAICONE;JUJUY;0;LOCALIDAD CONECTADA;-22,17846474000;-66,41340328000
816;CIENEGUILLAS;JUJUY;286;LOCALIDAD CONECTADA;-22,10080000000;-65,86648333000
919;COLONIA SAN JOSE;JUJUY;274;LOCALIDAD CONECTADA;-23,39366670000;-65,34550800000
976;CORANZULI;JUJUY;333;LOCALIDAD CONECTADA;-23,01628234000;-66,36539812000
1028;COYAGUAIMA;JUJUY;83;LOCALIDAD CONECTADA;-22,77222222000;-66,44111111000
1054;CUSI CUSI;JUJUY;243;LOCALIDAD CONECTADA;-22,34100899000;-66,49245265000
1095;DON EMILIO;JUJUY;446;LOCALIDAD CONECTADA;-24,31513889000;-64,90741111000
1111;EL ACHERAL;JUJUY;246;LOCALIDAD CONECTADA;-24,40341400000;-64,79836200000
1217;EL PUESTO;JUJUY;1166;LOCALIDAD CONECTADA;-24,19847519000;-64,78960429000
1248;EL TALAR;JUJUY;2901;LOCALIDAD CONECTADA;-23,55797200000;-64,36116700000
1390;FRAILE PINTADO;JUJUY;13300;LOCALIDAD CONECTADA;-23,94307222000;-64,80038889000
1543;GUERRERO;JUJUY;518;LOCALIDAD CONECTADA;-24,18575000000;-65,44994400000
1573;HIPOLITO YRIGOYEN;JUJUY;456;LOCALIDAD CONECTADA;-22,97903611000;-65,35296944000
1579;HUACALERA;JUJUY;712;LOCALIDAD CONECTADA;-23,43377778000;-65,35138889000
1582;HUANCAR;JUJUY;133;LOCALIDAD CONECTADA;-23,56337500000;-66,41061111000
1594;HUMAHUACA;JUJUY;10256;LOCALIDAD CONECTADA;-23,20077222000;-65,35190833000
1696;JUELLA;JUJUY;200;LOCALIDAD CONECTADA;-23,51388900000;-65,41122200000
1771;LA ESPERANZA;JUJUY;2164;LOCALIDAD CONECTADA;-24,22745800000;-64,84108100000
1789;LA INTERMEDIA;JUJUY;178;LOCALIDAD CONECTADA;-22,42394444000;-65,70186111000
1809;LA MENDIETA;JUJUY;3635;LOCALIDAD CONECTADA;-24,31330786000;-64,96585425000
1843;LA QUIACA;JUJUY;16874;LOCALIDAD CONECTADA;-22,10578611000;-65,59119167000
2019;LEON;JUJUY;630;LOCALIDAD CONECTADA;-24,03205000000;-65,43298300000
2025;LIBERTADOR GENERAL SAN MARTIN;JUJUY;46642;LOCALIDAD CONECTADA;-23,81651944000;-64,79873889000
2031;LIVIARA;JUJUY;46;LOCALIDAD CONECTADA;-22,51994011000;-66,33756891000
2144;LOZANO;JUJUY;1388;LOCALIDAD CONECTADA;-24,09147206000;-65,40430230000
2175;MAIMARA;JUJUY;3353;LOCALIDAD CONECTADA;-23,63500000000;-65,41388900000
2282;MIRAFLORES;JUJUY;183;LOCALIDAD CONECTADA;-24,22513889000;-64,82227778000
2288;MISARRUMI;JUJUY;36;LOCALIDAD CONECTADA;-22,25944444000;-66,36722222000
2383;NUEVO PIRQUITAS;JUJUY;672;LOCALIDAD CONECTADA;-22,68759167000;-66,45585278000
2415;ORATORIO;JUJUY;96;LOCALIDAD CONECTADA;-22,09944444000;-66,13144444000
2421;OROSMAYO;JUJUY;82;LOCALIDAD CONECTADA;-22,55599471000;-66,35617537000
2429;PAICONE;JUJUY;64;LOCALIDAD CONECTADA;-22,21833333000;-66,42425000000
2443;PALOS BLANCOS;JUJUY;81;LOCALIDAD CONECTADA;-24,32739444000;-64,94674722000
2444;PALPALA;JUJUY;50183;LOCALIDAD CONECTADA;-24,25867778000;-65,21231667000
2476;PARAPETI;JUJUY;874;LOCALIDAD CONECTADA;-24,23760300000;-64,84657200000
2498;PASTOS CHICOS;JUJUY;104;LOCALIDAD CONECTADA;-23,76453333000;-66,43937222000
2522;PERICO;JUJUY;44750;LOCALIDAD CONECTADA;-24,37549722000;-65,11528333000
2654;PUENTE LAVAYEN;JUJUY;213;LOCALIDAD CONECTADA;-24,27331100000;-64,70615800000
2691;PUESTO SEY;JUJUY;94;LOCALIDAD CONECTADA;-23,94695556000;-66,48796111000
2694;PUMAHUASI;JUJUY;233;LOCALIDAD CONECTADA;-22,28788889000;-65,68019444000
2705;PURMAMARCA;JUJUY;891;LOCALIDAD CONECTADA;-23,74052778000;-65,50566667000
4043;PURMAMARCA;JUJUY;0;LOCALIDAD CONECTADA;-23,74804700000;-65,47003100000
2812;RODEITO;JUJUY;1879;LOCALIDAD CONECTADA;-24,27088333000;-64,76883611000
2828;ROSARIO DE RIO GRANDE;JUJUY;621;LOCALIDAD CONECTADA;-24,30761111000;-64,93117778000
2882;SAN ANTONIO;JUJUY;325;LOCALIDAD CONECTADA;-24,21810000000;-64,80610000000
2976;SAN JUAN DE OROS;JUJUY;27;LOCALIDAD CONECTADA;-22,22538333000;-66,24793333000
2983;SAN LUCAS;JUJUY;326;LOCALIDAD CONECTADA;-24,26747222000;-64,86437222000
4041;SAN PEDRO;JUJUY;0;LOCALIDAD CONECTADA;-24,26083300000;-64,90000000000
3022;SAN PEDRO DE JUJUY;JUJUY;62088;LOCALIDAD CONECTADA;-24,23869444000;-64,86322222000
3033;SAN SALVADOR DE JUJUY;JUJUY;257970;LOCALIDAD CONECTADA;-24,17875833000;-65,32754167000
3053;SANTA CATALINA;JUJUY;305;LOCALIDAD CONECTADA;-21,94499444000;-66,05135278000
3140;SAUZAL;JUJUY;416;LOCALIDAD CONECTADA;-24,29767500000;-64,95749167000
3195;SUSQUES;JUJUY;1611;LOCALIDAD CONECTADA;-23,39781667000;-66,36625278000
3243;TILCARA;JUJUY;4691;LOCALIDAD CONECTADA;-23,57438056000;-65,39497778000
3286;TRES CRUCES;JUJUY;376;LOCALIDAD CONECTADA;-22,91941667000;-65,58652778000
3301;TUMBAYA;JUJUY;428;LOCALIDAD CONECTADA;-23,85431111000;-65,46634167000
3314;UQUIA;JUJUY;508;LOCALIDAD CONECTADA;-23,30180652000;-65,35756183000
3601;VI헤LITO;JUJUY;795;LOCALIDAD CONECTADA;-23,66794444000;-64,41530556000
3607;VOLCAN;JUJUY;1121;LOCALIDAD CONECTADA;-23,91780556000;-65,46397222000
3621;YALA;JUJUY;1953;LOCALIDAD CONECTADA;-24,11861100000;-65,40166700000
3628;YAVI;JUJUY;378;LOCALIDAD CONECTADA;-22,13191667000;-65,45983333000
3629;YAVI CHICO;JUJUY;33;LOCALIDAD CONECTADA;-22,09991667000;-65,45866667000
3634;YUTO;JUJUY;6301;LOCALIDAD CONECTADA;-23,64161111000;-64,47055000000
86;25 DE MAYO;LA PAMPA;7878;LOCALIDAD CONECTADA;-37,77376111000;-67,72372222000
170;ALGARROBO DEL AGUILA;LA PAMPA;329;LOCALIDAD CONECTADA;-36,39905000000;-67,14587778000
233;ANGUIL;LA PAMPA;1705;LOCALIDAD CONECTADA;-36,52630600000;-64,01250000000
316;ATALIVA ROCA;LA PAMPA;707;LOCALIDAD CONECTADA;-37,03036667000;-64,29124722000
600;CAMPAMENTO VIALIDAD NACIONAL;LA PAMPA;2429;LOCALIDAD CONECTADA;-38,38843889000;-64,07326667000
714;CATRILO;LA PAMPA;3955;LOCALIDAD CONECTADA;-36,40792500000;-63,41604444000
926;COLONIA SANTA MARIA;LA PAMPA;289;LOCALIDAD CONECTADA;-37,49518611000;-64,22837778000
1711;LA ADELA;LA PAMPA;1904;LOCALIDAD CONECTADA;-38,97763056000;-64,10068611000
1782;LA GLORIA;LA PAMPA;46;LOCALIDAD CONECTADA;-36,50798056000;-63,74058056000
2049;LONQUIMAY;LA PAMPA;1680;LOCALIDAD CONECTADA;-36,46733611000;-63,62360000000
2142;LOVENTUE;LA PAMPA;111;LOCALIDAD CONECTADA;-36,18857778000;-65,29173611000
2145;LUAN TORO;LA PAMPA;689;LOCALIDAD CONECTADA;-36,20550833000;-65,09892222000
2524;PERU;LA PAMPA;39;LOCALIDAD CONECTADA;-37,66251111000;-64,13435000000
2650;PUELEN;LA PAMPA;357;LOCALIDAD CONECTADA;-37,34538333000;-67,62198333000
3071;SANTA ISABEL;LA PAMPA;2526;LOCALIDAD CONECTADA;-36,23287500000;-66,93588889000
3089;SANTA ROSA;LA PAMPA;102860;LOCALIDAD CONECTADA;-36,62735556000;-64,27132500000
3230;TELEN;LA PAMPA;1240;LOCALIDAD CONECTADA;-36,26516389000;-65,51265556000
3311;UNANUE;LA PAMPA;69;LOCALIDAD CONECTADA;-37,54558889000;-64,34939722000
3318;URIBURU;LA PAMPA;964;LOCALIDAD CONECTADA;-36,50879722000;-63,85863611000
3353;VICTORICA;LA PAMPA;5703;LOCALIDAD CONECTADA;-36,21543611000;-65,43306111000
3616;WINIFREDA;LA PAMPA;2222;LOCALIDAD CONECTADA;-36,23148611000;-64,23697778000
136;AIMOGASTA;LA RIOJA;12249;LOCALIDAD CONECTADA;-28,56672778000;-66,79802500000
183;ALPASINCHE;LA RIOJA;4114;LOCALIDAD CONECTADA;-28,31984167000;-67,05320000000
235;ANGULOS;LA RIOJA;127;LOCALIDAD CONECTADA;-28,65541500000;-67,65003300000
340;BAJO CARRIZAL;LA RIOJA;150;LOCALIDAD CONECTADA;-28,88879500000;-67,56364800000
602;CAMPANAS;LA RIOJA;892;LOCALIDAD CONECTADA;-28,55608400000;-67,61757300000
757;CHAMICAL;LA RIOJA;12919;LOCALIDAD CONECTADA;-30,36708333000;-66,31252778000
759;CHA헤R;LA RIOJA;903;LOCALIDAD CONECTADA;-30,53879700000;-65,95673100000
764;CHA헤RMUYO;LA RIOJA;268;LOCALIDAD CONECTADA;-28,60652200000;-67,58575800000
780;CHEPES;LA RIOJA;11039;LOCALIDAD CONECTADA;-31,34456667000;-66,57688611000
785;CHILECITO;LA RIOJA;33724;LOCALIDAD CONECTADA;-29,16338787000;-67,49784005000
1532;GUANDACOL;LA RIOJA;2525;LOCALIDAD CONECTADA;-29,52594722000;-68,55403333000
3650;LA RIOJA EDT;LA RIOJA;199979;LOCALIDAD CONECTADA;-29,42622778000;-66,87326389000
1864;LA TORRE - EL CHIFLON;LA RIOJA;32;LOCALIDAD CONECTADA;-30,20471667000;-67,60233056000
2274;MILAGRO;LA RIOJA;3494;LOCALIDAD CONECTADA;-31,00827778000;-65,99105833000
2367;NONOGASTA;LA RIOJA;7527;LOCALIDAD CONECTADA;-29,30174500000;-67,50673300000
2500;PATQUIA;LA RIOJA;1808;LOCALIDAD CONECTADA;-30,04453611000;-66,87872222000
2565;PITUIL;LA RIOJA;849;LOCALIDAD CONECTADA;-28,57608322000;-67,44584245000
2582;POLCO;LA RIOJA;80;LOCALIDAD CONECTADA;-30,41917900000;-66,34627400000
2698;PUNTA DE LOS LLANOS;LA RIOJA;532;LOCALIDAD CONECTADA;-30,15361111000;-66,54430556000
3008;SAN NICOLAS;LA RIOJA;153;LOCALIDAD CONECTADA;-29,11793600000;-67,47329900000
3069;SANTA FLORENTINA;LA RIOJA;129;LOCALIDAD CONECTADA;-29,13061800000;-67,55575400000
3351;VICHIGASTA;LA RIOJA;3016;LOCALIDAD CONECTADA;-29,48590900000;-67,50699600000
3585;VILLA UNION;LA RIOJA;4931;LOCALIDAD CONECTADA;-29,41250000000;-62,79086667000
89;25 DE MAYO;MENDOZA;1450;LOCALIDAD CONECTADA;-34,58383333000;-68,53869444000
371;BARDAS BLANCAS;MENDOZA;66;LOCALIDAD CONECTADA;-35,86848611000;-69,80525833000
381;BARRIO ALTO DEL OLVIDO;MENDOZA;266;LOCALIDAD CONECTADA;-32,66853300000;-68,58360400000
435;BARRIO JOCOLI II;MENDOZA;163;LOCALIDAD CONECTADA;-32,65086800000;-68,66006900000
444;BARRIO LA PALMERA;MENDOZA;136;LOCALIDAD CONECTADA;-32,72149722000;-68,56055278000
445;BARRIO LA PEGA;MENDOZA;392;LOCALIDAD CONECTADA;-32,80666667000;-68,66527778000
503;BARRIO VIRGEN DEL ROSARIO;MENDOZA;211;LOCALIDAD CONECTADA;-32,70246667000;-68,31300000000
559;BOWEN;MENDOZA;4939;LOCALIDAD CONECTADA;-34,99286111000;-67,51236111000
679;CARMENSA;MENDOZA;941;LOCALIDAD CONECTADA;-35,14803889000;-67,65320556000
786;CHILECITO;MENDOZA;1033;LOCALIDAD CONECTADA;-33,88847222000;-69,06914167000
1018;COSTA DE ARAUJO;MENDOZA;2816;LOCALIDAD CONECTADA;-32,75335556000;-68,40745000000
1183;EL MANZANO;MENDOZA;1033;LOCALIDAD CONECTADA;-36,10659722000;-69,75844167000
1195;EL NIHUIL;MENDOZA;1030;LOCALIDAD CONECTADA;-35,03251205000;-68,67622192000
1245;EL SOSNEADO;MENDOZA;65;LOCALIDAD CONECTADA;-35,07950833000;-69,56686111000
1259;EL VERGEL;MENDOZA;362;LOCALIDAD CONECTADA;-32,78555556000;-68,61277778000
1339;EUGENIO BUSTOS;MENDOZA;5591;LOCALIDAD CONECTADA;-33,77418056000;-69,06002500000
1428;GENERAL ALVEAR;MENDOZA;29909;LOCALIDAD CONECTADA;-34,98127778000;-67,67274167000
1618;INGENIERO GUSTAVO ANDRE;MENDOZA;288;LOCALIDAD CONECTADA;-32,67673611000;-68,31643611000
1656;JAIME PRATS;MENDOZA;419;LOCALIDAD CONECTADA;-34,91158611000;-67,81687222000
1665;JOCOLI;MENDOZA;804;LOCALIDAD CONECTADA;-32,58131400000;-68,66529200000
1799;LA LLAVE NUEVA;MENDOZA;499;LOCALIDAD CONECTADA;-34,63834912000;-68,00339614000
1932;LAS CATITAS;MENDOZA;3621;LOCALIDAD CONECTADA;-33,30418333000;-68,04661389000
1968;LAS MALVINAS;MENDOZA;232;LOCALIDAD CONECTADA;-34,83206389000;-68,25136111000
2007;LAS VIOLETAS;MENDOZA;87;LOCALIDAD CONECTADA;-32,82000278000;-68,60543889000
2183;MALARG㏊;MENDOZA;21619;LOCALIDAD CONECTADA;-35,46592778000;-69,58894722000
2261;MENDOZA;MENDOZA;114893;LOCALIDAD CONECTADA;-32,88315278000;-68,82832500000
2307;MONTE COMAN;MENDOZA;3529;LOCALIDAD CONECTADA;-34,59046944000;-67,87996111000
2470;PARAJE COCHICO;MENDOZA;0;LOCALIDAD CONECTADA;-35,71336111000;-67,33101944000
2490;PASO DE LAS CARRETAS;MENDOZA;0;LOCALIDAD CONECTADA;-34,13103889000;-68,83275278000
4054;PASO DE LAS CARRETAS CIUDAD;MENDOZA;0;LOCALIDAD CONECTADA;-34,02432200000;-68,99654700000
2729;RAMA CAIDA;MENDOZA;850;LOCALIDAD CONECTADA;-34,70205833000;-68,36854444000
2746;RANQUIL NORTE;MENDOZA;752;LOCALIDAD CONECTADA;-36,65908056000;-69,83281389000
2753;REAL DEL PADRE;MENDOZA;3635;LOCALIDAD CONECTADA;-34,84021667000;-67,76325833000
2815;RODEO DEL MEDIO;MENDOZA;12327;LOCALIDAD CONECTADA;-32,98800568000;-68,70106526000
2865;SALTO DE LAS ROSAS;MENDOZA;1343;LOCALIDAD CONECTADA;-34,72297500000;-68,22296667000
2899;SAN CARLOS;MENDOZA;3886;LOCALIDAD CONECTADA;-33,77120000000;-69,04103889000
3025;SAN RAFAEL;MENDOZA;118009;LOCALIDAD CONECTADA;-34,63154722000;-68,34384722000
3090;SANTA ROSA;MENDOZA;7668;LOCALIDAD CONECTADA;-33,24877778000;-68,11734167000
3302;TUNUYAN;MENDOZA;28859;LOCALIDAD CONECTADA;-33,61479000000;-69,02064500000
3309;UGARTECHE;MENDOZA;4561;LOCALIDAD CONECTADA;-33,21094516000;-68,89720880000
3377;VILLA ATUEL;MENDOZA;3311;LOCALIDAD CONECTADA;-34,83365833000;-67,92318056000
3582;VILLA TULUMAYA;MENDOZA;7870;LOCALIDAD CONECTADA;-32,71966389000;-68,58938056000
81;1?? DE MAYO;MISIONES;423;LOCALIDAD CONECTADA;-27,16917000000;-55,02708700000
3759;2 DE MAYO _NUCLEO 1;MISIONES;6829;LOCALIDAD CONECTADA;-27,02166600000;-54,68764100000
3760;2 DE MAYO _NUCLEO 2;MISIONES;1122;LOCALIDAD CONECTADA;-27,02955696000;-54,66412090000
3761;2 DE MAYO _NUCLEO 3;MISIONES;776;LOCALIDAD CONECTADA;-27,01233333000;-54,60730556000
274;ARISTOBULO DEL VALLE;MISIONES;12375;LOCALIDAD CONECTADA;-27,10326667000;-54,89213333000
537;BERNARDO DE IRIGOYEN;MISIONES;6492;LOCALIDAD CONECTADA;-26,25511944000;-53,64576944000
571;CAA - YARI;MISIONES;122;LOCALIDAD CONECTADA;-27,48551200000;-55,29952100000
608;CAMPO GRANDE;MISIONES;6547;LOCALIDAD CONECTADA;-27,21424900000;-54,97539600000
613;CAMPO RAMON;MISIONES;1235;LOCALIDAD CONECTADA;-27,45770500000;-55,02258400000
615;CAMPO VIERA;MISIONES;7099;LOCALIDAD CONECTADA;-27,33061158000;-55,05184845000
4044;CANAL 5 PUERTO IGUAZU;MISIONES;0;LOCALIDAD CONECTADA;-25,60913800000;-54,57393800000
739;CERRO AZUL;MISIONES;3049;LOCALIDAD CONECTADA;-27,63339167000;-55,49644722000
942;COLONIA WANDA;MISIONES;13901;LOCALIDAD CONECTADA;-25,97164722000;-54,56123611000
947;COMANDANTE ANDRESITO;MISIONES;11482;LOCALIDAD CONECTADA;-25,67647222000;-54,04119444000
1032;CRUCE CABALLERO;MISIONES;408;LOCALIDAD CONECTADA;-26,54238889000;-53,94166667000
1492;GOBERNADOR LOPEZ;MISIONES;1010;LOCALIDAD CONECTADA;-27,66537400000;-55,21296600000
2014;LEANDRO N. ALEM;MISIONES;23339;LOCALIDAD CONECTADA;-27,60495000000;-55,32146667000
2091;LOS HELECHOS;MISIONES;344;LOCALIDAD CONECTADA;-27,55611400000;-55,07664200000
2389;OBERA;MISIONES;63960;LOCALIDAD CONECTADA;-27,50046944000;-55,10926667000
2404;OLEGARIO V. ANDRADE;MISIONES;441;LOCALIDAD CONECTADA;-27,57018730000;-55,50246352000
2466;PARAISO;MISIONES;975;LOCALIDAD CONECTADA;-26,68960267000;-54,20445177000
2555;PI헤LITO SUR;MISIONES;107;LOCALIDAD CONECTADA;-26,42727778000;-53,84386111000
2594;POSADAS;MISIONES;275028;LOCALIDAD CONECTADA;-27,43091389000;-55,89002500000
2668;PUERTO IGUAZU;MISIONES;41062;LOCALIDAD CONECTADA;-25,61106389000;-54,56454444000
2866;SALTO ENCANTADO;MISIONES;3543;LOCALIDAD CONECTADA;-27,08553889000;-54,83634444000
2879;SAN ANTONIO;MISIONES;3665;LOCALIDAD CONECTADA;-26,05528300000;-53,73630200000
2959;SAN JOSE;MISIONES;5338;LOCALIDAD CONECTADA;-27,76862770000;-55,77979160000
3014;SAN PEDRO;MISIONES;10397;LOCALIDAD CONECTADA;-26,62591667000;-54,11433333000
3038;SAN VICENTE;MISIONES;21068;LOCALIDAD CONECTADA;-26,99398333000;-54,48730000000
3255;TOBUNA;MISIONES;350;LOCALIDAD CONECTADA;-26,47107300000;-53,89094800000
284;ARROYITO;NEUQUEN;90;LOCALIDAD CONECTADA;-39,07191944000;-68,56725278000
338;BAJADA DEL AGRIO;NEUQUEN;792;LOCALIDAD CONECTADA;-38,40473333000;-70,02648611000
375;BARRANCAS;NEUQUEN;938;LOCALIDAD CONECTADA;-36,82359167000;-69,91165278000
570;BUTA RANQUIL;NEUQUEN;2443;LOCALIDAD CONECTADA;-37,05138611000;-69,87720278000
729;CENTENARIO;NEUQUEN;32928;LOCALIDAD CONECTADA;-38,83250833000;-68,12815833000
797;CHORRIACA;NEUQUEN;403;LOCALIDAD CONECTADA;-37,93418889000;-70,07102500000
798;CHOS MALAL;NEUQUEN;13092;LOCALIDAD CONECTADA;-37,36697628000;-70,26355993000
1144;EL CHOCON;NEUQUEN;426;LOCALIDAD CONECTADA;-39,26081389000;-68,82387222000
1701;JUNIN DE LOS ANDES;NEUQUEN;12621;LOCALIDAD CONECTADA;-39,94407778000;-71,08159722000
1728;LA BUITRERA;NEUQUEN;432;LOCALIDAD CONECTADA;-38,55124167000;-70,37182222000
1963;LAS LAJAS;NEUQUEN;4464;LOCALIDAD CONECTADA;-38,51986389000;-70,36410278000
2076;LOS CATUTOS;NEUQUEN;229;LOCALIDAD CONECTADA;-38,83679051000;-70,19519292000
2228;MARIANO MORENO;NEUQUEN;2205;LOCALIDAD CONECTADA;-38,75905900000;-70,03680700000
2359;NEUQUEN;NEUQUEN;231198;LOCALIDAD CONECTADA;-38,94485833000;-68,07859444000
2534;PICUN LEUFU;NEUQUEN;3144;LOCALIDAD CONECTADA;-39,51803056000;-69,29345833000
2536;PIEDRA DEL AGUILA;NEUQUEN;3669;LOCALIDAD CONECTADA;-40,04722500000;-70,07202778000
2572;PLAZA HUINCUL;NEUQUEN;13172;LOCALIDAD CONECTADA;-38,93211200000;-69,19256200000
2997;SAN MARTIN DE LOS ANDES;NEUQUEN;29354;LOCALIDAD CONECTADA;-40,15097222000;-71,32237500000
3115;SANTO TOMAS;NEUQUEN;219;LOCALIDAD CONECTADA;-39,82318900000;-70,10149100000
3148;SENILLOSA;NEUQUEN;7542;LOCALIDAD CONECTADA;-39,01334722000;-68,42318889000
3221;TAQUIMILAN;NEUQUEN;558;LOCALIDAD CONECTADA;-37,51212778000;-70,24132778000
3437;VILLA EL CHOCON;NEUQUEN;707;LOCALIDAD CONECTADA;-39,25937354000;-68,79072561000
3480;VILLA LA ANGOSTURA;NEUQUEN;11063;LOCALIDAD CONECTADA;-40,76248889000;-71,63949444000
3603;VISTA ALEGRE NORTE;NEUQUEN;895;LOCALIDAD CONECTADA;-38,73098056000;-68,17393056000
3604;VISTA ALEGRE SUR;NEUQUEN;1513;LOCALIDAD CONECTADA;-38,77162500000;-68,13476944000
3636;ZAPALA;NEUQUEN;32097;LOCALIDAD CONECTADA;-38,89735000000;-70,06682500000
122;AGUADA CECILIO;RIO NEGRO;155;LOCALIDAD CONECTADA;-40,84866944000;-65,84260556000
123;AGUADA DE GUERRA;RIO NEGRO;126;LOCALIDAD CONECTADA;-41,06897222000;-68,38026667000
370;BARDA DEL MEDIO;RIO NEGRO;1651;LOCALIDAD CONECTADA;-38,72412222000;-68,16301389000
397;BARRIO COLONIA CONESA;RIO NEGRO;129;LOCALIDAD CONECTADA;-40,15105100000;-64,35332500000
418;BARRIO EL PILAR;RIO NEGRO;521;LOCALIDAD CONECTADA;-41,17068333000;-71,33728333000
713;CATRIEL;RIO NEGRO;17584;LOCALIDAD CONECTADA;-37,88302222000;-67,80406389000
4049;CENTRO NACIONAL DE ENERGIA ATOMICA;RIO NEGRO;0;LOCALIDAD CONECTADA;-41,11833300000;-71,41444400000
824;CLEMENTE ONELLI;RIO NEGRO;114;LOCALIDAD CONECTADA;-41,24585603000;-70,03183341000
891;COLONIA JULIA Y ECHARREN;RIO NEGRO;936;LOCALIDAD CONECTADA;-39,03535278000;-64,02580278000
946;COMALLO;RIO NEGRO;1497;LOCALIDAD CONECTADA;-41,03466389000;-70,26398056000
1085;DINA HUAPI;RIO NEGRO;3469;LOCALIDAD CONECTADA;-41,07482500000;-71,16892500000
1125;EL BOLSON;RIO NEGRO;17126;LOCALIDAD CONECTADA;-41,97290556000;-71,52751667000
1171;EL FOYEL;RIO NEGRO;155;LOCALIDAD CONECTADA;-41,65309167000;-71,45965278000
1179;EL JUNCAL;RIO NEGRO;83;LOCALIDAD CONECTADA;-40,80725000000;-63,12633333000
1436;GENERAL CONESA;RIO NEGRO;5484;LOCALIDAD CONECTADA;-40,10766667000;-64,45175000000
1619;INGENIERO JACOBACCI;RIO NEGRO;6261;LOCALIDAD CONECTADA;-41,33452778000;-69,53122222000
4051;INVAP;RIO NEGRO;0;LOCALIDAD CONECTADA;-41,12490000000;-71,24166400000
1951;LAS GRUTAS;RIO NEGRO;4807;LOCALIDAD CONECTADA;-40,80043611000;-65,08338333000
2098;LOS MENUCOS;RIO NEGRO;5187;LOCALIDAD CONECTADA;-40,84488056000;-68,09294167000
2200;MAQUINCHAO;RIO NEGRO;2494;LOCALIDAD CONECTADA;-41,25723889000;-68,70060278000
2280;MINISTRO RAMOS MEXIA;RIO NEGRO;973;LOCALIDAD CONECTADA;-40,50770000000;-67,26141111000
2345;NAHUEL NIYEU;RIO NEGRO;32;LOCALIDAD CONECTADA;-40,50434000000;-66,56407000000
2546;PILCANIYEU;RIO NEGRO;757;LOCALIDAD CONECTADA;-41,12064444000;-70,71484722000
2784;RIO COLORADO;RIO NEGRO;11733;LOCALIDAD CONECTADA;-38,98327500000;-64,10394722000
2801;RIO VILLEGAS;RIO NEGRO;75;LOCALIDAD CONECTADA;-41,57824722000;-71,50090833000
2891;SAN ANTONIO OESTE;RIO NEGRO;16265;LOCALIDAD CONECTADA;-40,72936667000;-64,95979444000
2901;SAN CARLOS DE BARILOCHE;RIO NEGRO;109305;LOCALIDAD CONECTADA;-41,13321389000;-71,27710000000
2948;SAN JAVIER;RIO NEGRO;530;LOCALIDAD CONECTADA;-40,75176944000;-63,26638611000
3127;SARGENTO VIDAL;RIO NEGRO;814;LOCALIDAD CONECTADA;-38,68420833000;-68,15688333000
3154;SIERRA COLORADA;RIO NEGRO;1542;LOCALIDAD CONECTADA;-40,58708333000;-67,75604444000
3326;VALCHETA;RIO NEGRO;3867;LOCALIDAD CONECTADA;-40,68385278000;-66,16168056000
3356;VIEDMA;RIO NEGRO;52789;LOCALIDAD CONECTADA;-40,82182222000;-63,02243889000
3389;VILLA CAMPANARIO;RIO NEGRO;828;LOCALIDAD CONECTADA;-41,10128333000;-71,45217500000
3396;VILLA CATEDRAL;RIO NEGRO;88;LOCALIDAD CONECTADA;-41,16661389000;-71,43797500000
3498;VILLA LLAO LLAO;RIO NEGRO;777;LOCALIDAD CONECTADA;-41,05229167000;-71,52444722000
3501;VILLA LOS COIHUES;RIO NEGRO;1919;LOCALIDAD CONECTADA;-41,15344444000;-71,40831944000
3557;VILLA SAN ISIDRO;RIO NEGRO;607;LOCALIDAD CONECTADA;-38,70630270000;-68,17170830000
127;AGUARAY;SALTA;10410;LOCALIDAD CONECTADA;-22,23920168000;-63,72743385000
128;AGUAS BLANCAS;SALTA;2395;LOCALIDAD CONECTADA;-22,73420833000;-64,35390833000
228;ANGASTACO;SALTA;823;LOCALIDAD CONECTADA;-25,69287500000;-66,16695278000
238;ANIMANA;SALTA;1276;LOCALIDAD CONECTADA;-25,96729400000;-65,94744200000
463;BARRIO MARTINEZ SARAVIA;SALTA;13774;LOCALIDAD CONECTADA;-22,57591111000;-63,80631667000
580;CACHI;SALTA;2616;LOCALIDAD CONECTADA;-25,12087222000;-66,15459444000
584;CAFAYATE;SALTA;13698;LOCALIDAD CONECTADA;-26,07250000000;-65,98448889000
599;CAMPAMENTO VESPUCIO;SALTA;1531;LOCALIDAD CONECTADA;-22,58495278000;-63,85387778000
603;CAMPICHUELO;SALTA;340;LOCALIDAD CONECTADA;-23,10823056000;-63,99715000000
645;CAPIAZUTI;SALTA;231;LOCALIDAD CONECTADA;-22,20186944000;-63,71677778000
657;CAPITAN JUAN PAGE;SALTA;213;LOCALIDAD CONECTADA;-23,68649167000;-62,37581111000
664;CARBONCITO;SALTA;531;LOCALIDAD CONECTADA;-23,23348611000;-63,76795000000
727;CEIBALITO;SALTA;176;LOCALIDAD CONECTADA;-25,11014400000;-64,27459200000
928;COLONIA SANTA ROSA;SALTA;15562;LOCALIDAD CONECTADA;-23,39358611000;-64,41942222000
989;CORONEL CORNEJO;SALTA;2672;LOCALIDAD CONECTADA;-22,73898889000;-63,81906667000
994;CORONEL JUAN SOLA;SALTA;4714;LOCALIDAD CONECTADA;-23,47294444000;-62,88200556000
1103;DRAGONES;SALTA;1779;LOCALIDAD CONECTADA;-23,24705340000;-63,34267420000
1174;EL GALPON;SALTA;5675;LOCALIDAD CONECTADA;-25,38356111000;-64,65725000000
1218;EL QUEBRACHAL;SALTA;6536;LOCALIDAD CONECTADA;-25,33558333000;-64,01981111000
1256;EL TUNAL;SALTA;518;LOCALIDAD CONECTADA;-25,25191944000;-64,39253889000
1270;EMBARCACION;SALTA;20843;LOCALIDAD CONECTADA;-23,20344167000;-64,09765833000
1410;GAONA;SALTA;1883;LOCALIDAD CONECTADA;-25,24143333000;-64,03605556000
1431;GENERAL BALLIVIAN;SALTA;2071;LOCALIDAD CONECTADA;-22,93610000000;-63,85884722000
1512;GRAL. ENRIQUE MOSCONI;SALTA;16060;LOCALIDAD CONECTADA;-22,59518056000;-63,80401944000
1566;HICKMAN;SALTA;805;LOCALIDAD CONECTADA;-23,21189722000;-63,56797222000
1571;HIPOLITO YRIGOYEN;SALTA;10196;LOCALIDAD CONECTADA;-23,24001111000;-64,27886944000
1664;JOAQUIN V. GONZALEZ;SALTA;16329;LOCALIDAD CONECTADA;-25,12123889000;-64,12917222000
1834;LA POMA;SALTA;614;LOCALIDAD CONECTADA;-24,72485556000;-66,20116389000
2068;LOS BLANCOS;SALTA;1073;LOCALIDAD CONECTADA;-23,60638333000;-62,59499167000
2289;MISION CHAQUE헤;SALTA;1302;LOCALIDAD CONECTADA;-23,25973333000;-63,74334167000
2291;MISION KILOMETRO 6;SALTA;1281;LOCALIDAD CONECTADA;-22,51030556000;-63,75091667000
2301;MOLINOS;SALTA;1183;LOCALIDAD CONECTADA;-25,43830556000;-66,29777778000
2370;NUESTRA SE헲RA DE TALAVERA;SALTA;1328;LOCALIDAD CONECTADA;-25,45956389000;-63,77564167000
2426;PADRE LOZANO;SALTA;513;LOCALIDAD CONECTADA;-23,21851111000;-63,84709440000
2506;PAYOGASTA;SALTA;532;LOCALIDAD CONECTADA;-25,04851389000;-66,09693333000
2529;PICHANAL;SALTA;22439;LOCALIDAD CONECTADA;-23,32434722000;-64,22527778000
2560;PIQUIRENDA;SALTA;505;LOCALIDAD CONECTADA;-22,32455298000;-63,75272040000
2580;PLUMA DE PATO;SALTA;529;LOCALIDAD CONECTADA;-23,37218333000;-63,09787778000
2619;PROFESOR SALVADOR MAZZA;SALTA;18899;LOCALIDAD CONECTADA;-22,05193889000;-63,68585833000
2889;SAN ANTONIO DE LOS COBRES;SALTA;4763;LOCALIDAD CONECTADA;-24,21747653000;-66,31704704000
2897;SAN CARLOS;SALTA;2209;LOCALIDAD CONECTADA;-25,89378100000;-65,93025000000
2970;SAN JOSE DE METAN;SALTA;28295;LOCALIDAD CONECTADA;-25,48414759000;-64,97248040000
3027;SAN RAMON DE LA NUEVA ORAN;SALTA;76070;LOCALIDAD CONECTADA;-23,15741389000;-64,33233333000
3142;SECLANTAS;SALTA;560;LOCALIDAD CONECTADA;-25,33052800000;-66,24590300000
3222;TARTAGAL;SALTA;63196;LOCALIDAD CONECTADA;-22,52795556000;-63,79389722000
3254;TOBANTIRENDA;SALTA;849;LOCALIDAD CONECTADA;-22,15371944000;-63,71164167000
3260;TOLLOCHE;SALTA;197;LOCALIDAD CONECTADA;-25,52497222000;-63,52088611000
3261;TOLOMBON;SALTA;300;LOCALIDAD CONECTADA;-26,18147200000;-65,94025000000
3276;TRANQUITAS;SALTA;1052;LOCALIDAD CONECTADA;-22,40572436000;-63,77393649000
3319;URUNDEL;SALTA;2920;LOCALIDAD CONECTADA;-23,55672222000;-64,39938333000
3619;YACUY;SALTA;1686;LOCALIDAD CONECTADA;-22,37033056000;-63,76916944000
95;9 DE JULIO;SAN JUAN;3484;LOCALIDAD CONECTADA;-31,66763100000;-68,38768900000
436;BARRIO JUSTO P. CASTRO IV;SAN JUAN;589;LOCALIDAD CONECTADA;-31,62776700000;-68,30228500000
488;BARRIO SADOP;SAN JUAN;771;LOCALIDAD CONECTADA;-31,53496660000;-68,39833330000
534;BERMEJO;SAN JUAN;484;LOCALIDAD CONECTADA;-31,58925300000;-67,66059700000
716;CAUCETE;SAN JUAN;28222;LOCALIDAD CONECTADA;-31,64344444000;-68,28632778000
1186;EL MEDANO;SAN JUAN;96;LOCALIDAD CONECTADA;-30,12666000000;-68,68239900000
1228;EL RINCON;SAN JUAN;1252;LOCALIDAD CONECTADA;-31,66511660000;-68,32008330000
1515;GRAN CHINA;SAN JUAN;484;LOCALIDAD CONECTADA;-30,11946600000;-68,72957000000
1580;HUACO;SAN JUAN;1454;LOCALIDAD CONECTADA;-30,15745000000;-68,48480556000
1936;LAS CHACRITAS;SAN JUAN;2760;LOCALIDAD CONECTADA;-31,59802900000;-68,39776300000
1993;LAS TALAS - LOS MEDANOS;SAN JUAN;805;LOCALIDAD CONECTADA;-31,59445833000;-68,27466944000
2209;MARAYES;SAN JUAN;99;LOCALIDAD CONECTADA;-31,46315000000;-67,35078330000
2362;NIQUIVIL;SAN JUAN;819;LOCALIDAD CONECTADA;-30,39932500000;-68,69611400000
2451;PAMPA VIEJA;SAN JUAN;740;LOCALIDAD CONECTADA;-30,20056660000;-68,68421660000
3740;SAN ISIDRO;SAN JUAN;1440;LOCALIDAD CONECTADA;-30,14337529000;-68,70398717000
2965;SAN JOSE DE JACHAL;SAN JUAN;10940;LOCALIDAD CONECTADA;-30,23394444000;-68,74700000000
2975;SAN JUAN;SAN JUAN;109123;LOCALIDAD CONECTADA;-31,51723880000;-68,51190830000
3303;TUPELI;SAN JUAN;1169;LOCALIDAD CONECTADA;-31,83549700000;-68,35514800000
3335;VALLECITO;SAN JUAN;404;LOCALIDAD CONECTADA;-31,73690000000;-67,98360000000
3386;VILLA BORJAS - LA CHIMBERA;SAN JUAN;5275;LOCALIDAD CONECTADA;-31,81079900000;-68,32862200000
3434;VILLA DOMINGUITO;SAN JUAN;619;LOCALIDAD CONECTADA;-31,56000600000;-68,29553700000
3435;VILLA DON BOSCO;SAN JUAN;2557;LOCALIDAD CONECTADA;-31,55320561000;-68,33110822000
3441;VILLA EL TANGO;SAN JUAN;1367;LOCALIDAD CONECTADA;-31,74805556000;-68,24208333000
3463;VILLA GENERAL SAN MARTIN - CAMPO;SAN JUAN;22046;LOCALIDAD CONECTADA;-31,43959167000;-68,52247500000
3475;VILLA IBA헨Z;SAN JUAN;4421;LOCALIDAD CONECTADA;-31,46031363000;-68,72215166000
3476;VILLA INDEPENDENCIA;SAN JUAN;823;LOCALIDAD CONECTADA;-31,62417500000;-68,31404200000
3515;VILLA MEDIA AGUA;SAN JUAN;7983;LOCALIDAD CONECTADA;-31,98258333000;-68,41995000000
3517;VILLA MERCEDES;SAN JUAN;1439;LOCALIDAD CONECTADA;-30,10368400000;-68,70108600000
3566;VILLA SAN MARTIN;SAN JUAN;1899;LOCALIDAD CONECTADA;-31,51672100000;-68,35131300000
3571;VILLA SANTA ROSA;SAN JUAN;3460;LOCALIDAD CONECTADA;-31,74555556000;-68,31500000000
1687;JUAN JORBA;SAN LUIS;201;LOCALIDAD CONECTADA;-33,61403611000;-65,27245278000
1703;JUSTO DARACT;SAN LUIS;10135;LOCALIDAD CONECTADA;-33,85925833000;-65,18145278000
2984;SAN LUIS;SAN LUIS;169947;LOCALIDAD CONECTADA;-33,29552800000;-66,28698300000
3516;VILLA MERCEDES;SAN LUIS;111391;LOCALIDAD CONECTADA;-33,58261111000;-65,63341667000
339;BAJO CARACOLES;SANTA CRUZ;33;LOCALIDAD CONECTADA;-47,44512222000;-70,92744444000
2171;CABO VIRGENES;SANTA CRUZ;8;LOCALIDAD CONECTADA;-52,32912700000;-68,40491600000
3705;CALETA OLIVIA;SANTA CRUZ;51733;LOCALIDAD CONECTADA;-46,45789722000;-67,51471667000
641;CA헤DON SECO;SANTA CRUZ;879;LOCALIDAD CONECTADA;-46,56157222000;-67,60674444000
894;COLONIA LAS HERAS;SANTA CRUZ;18712;LOCALIDAD CONECTADA;-46,54363611000;-68,90773333000
1134;EL CALAFATE;SANTA CRUZ;16655;LOCALIDAD CONECTADA;-50,33863611000;-72,25456944000
1290;ESPERANZA;SANTA CRUZ;142;LOCALIDAD CONECTADA;-51,02861110000;-70,77724440000
1489;GOBERNADOR GREGORES;SANTA CRUZ;4497;LOCALIDAD CONECTADA;-48,74900000000;-70,24986111000
1710;KOLUEL KAIKE;SANTA CRUZ;250;LOCALIDAD CONECTADA;-46,71786389000;-68,21626389000
2523;PERITO MORENO;SANTA CRUZ;4617;LOCALIDAD CONECTADA;-46,58978493000;-70,91364732000
2533;PICO TRUNCADO;SANTA CRUZ;20889;LOCALIDAD CONECTADA;-46,79236389000;-67,94566667000
2789;RIO GALLEGOS;SANTA CRUZ;95796;LOCALIDAD CONECTADA;-51,62403330000;-69,23635000000
3289;TRES LAGOS;SANTA CRUZ;282;LOCALIDAD CONECTADA;-49,59894167000;-71,45290278000
100;AARON CASTELLANOS;SANTA FE;236;LOCALIDAD CONECTADA;-34,33095278000;-62,37058611000
205;ALVEAR;SANTA FE;2402;LOCALIDAD CONECTADA;-33,06145847000;-60,61597656000
215;AMENABAR;SANTA FE;1605;LOCALIDAD CONECTADA;-34,13546944000;-62,41722222000
262;ARBILLA;SANTA FE;427;LOCALIDAD CONECTADA;-33,10381400000;-60,70315800000
277;ARMSTRONG;SANTA FE;11181;LOCALIDAD CONECTADA;-32,77441605000;-61,61182415000
278;AROCENA;SANTA FE;1608;LOCALIDAD CONECTADA;-32,07926111000;-60,97875556000
300;ARROYO SECO;SANTA FE;20620;LOCALIDAD CONECTADA;-33,16727778000;-60,52825000000
304;ARRUFO;SANTA FE;1764;LOCALIDAD CONECTADA;-30,23163889000;-61,72727778000
315;ATALIVA;SANTA FE;1680;LOCALIDAD CONECTADA;-30,99839452000;-61,43187315000
376;BARRANCAS;SANTA FE;4650;LOCALIDAD CONECTADA;-32,23239444000;-60,99059444000
464;BARRIO MITRE;SANTA FE;816;LOCALIDAD CONECTADA;-33,25204167000;-60,38819444000
517;BELLA ITALIA;SANTA FE;1070;LOCALIDAD CONECTADA;-31,28253584000;-61,40937088000
569;BUSTINZA;SANTA FE;1098;LOCALIDAD CONECTADA;-32,73511944000;-61,29375278000
627;CA헤DA DE GOMEZ;SANTA FE;29205;LOCALIDAD CONECTADA;-32,81630556000;-61,41252778000
635;CA헤DA OMBU;SANTA FE;518;LOCALIDAD CONECTADA;-28,30800000000;-59,98211111000
653;CAPITAN BERMUDEZ;SANTA FE;29218;LOCALIDAD CONECTADA;-32,82208889000;-60,71730278000
665;CARCARA헤;SANTA FE;16277;LOCALIDAD CONECTADA;-32,85661110000;-61,15177770000
736;CERES;SANTA FE;14499;LOCALIDAD CONECTADA;-29,86397222000;-61,94908333000
841;COLMENA;SANTA FE;141;LOCALIDAD CONECTADA;-28,75847220000;-60,08813880000
866;COLONIA BOSSI;SANTA FE;111;LOCALIDAD CONECTADA;-30,66908056000;-61,78906944000
873;COLONIA CELLO;SANTA FE;118;LOCALIDAD CONECTADA;-31,43030556000;-61,84154167000
914;COLONIA RAQUEL;SANTA FE;123;LOCALIDAD CONECTADA;-30,83630556000;-61,49011389000
981;CORONDA;SANTA FE;16873;LOCALIDAD CONECTADA;-31,96863889000;-60,93243056000
1002;CORONEL RODOLFO S. DOMINGUEZ;SANTA FE;836;LOCALIDAD CONECTADA;-33,18281389000;-60,72248056000
1011;CORREA;SANTA FE;5792;LOCALIDAD CONECTADA;-32,84814863000;-61,25543153000
1043;CUATRO ESQUINAS;SANTA FE;174;LOCALIDAD CONECTADA;-33,24457778000;-60,76273889000
1051;CURUPAYTI;SANTA FE;220;LOCALIDAD CONECTADA;-30,39494444000;-61,65325000000
1076;DESVIO ARIJON;SANTA FE;946;LOCALIDAD CONECTADA;-31,87219444000;-60,88847778000
1082;DIEGO DE ALVEAR;SANTA FE;1855;LOCALIDAD CONECTADA;-34,37261111000;-62,12951111000
1109;EGUSQUIZA;SANTA FE;279;LOCALIDAD CONECTADA;-31,09433333000;-61,62680556000
1275;EMPALME VILLA CONSTITUCION;SANTA FE;6241;LOCALIDAD CONECTADA;-33,24963889000;-60,36963889000
1289;ESPERANZA;SANTA FE;40145;LOCALIDAD CONECTADA;-31,45403056000;-60,94433611000
1317;ESTACION SAGUIER;SANTA FE;105;LOCALIDAD CONECTADA;-31,31637792000;-61,69593500000
1364;FIGHIERA;SANTA FE;4034;LOCALIDAD CONECTADA;-33,19756944000;-60,46653333000
1392;FRANCK;SANTA FE;5109;LOCALIDAD CONECTADA;-31,58033330000;-60,93900000000
1395;FRAY LUIS BELTRAN;SANTA FE;15176;LOCALIDAD CONECTADA;-32,78803611000;-60,72895278000
1399;FRONTERA;SANTA FE;10520;LOCALIDAD CONECTADA;-31,43023611000;-62,06516944000
1403;FUNES;SANTA FE;23281;LOCALIDAD CONECTADA;-32,92402500000;-60,78891944000
1411;GARABATO;SANTA FE;995;LOCALIDAD CONECTADA;-28,95400000000;-60,14113889000
1451;GENERAL LAGOS;SANTA FE;3419;LOCALIDAD CONECTADA;-33,11492588000;-60,56397786000
1503;GOLONDRINA;SANTA FE;563;LOCALIDAD CONECTADA;-28,55613889000;-60,02488889000
1517;GRANADERO BAIGORRIA;SANTA FE;36994;LOCALIDAD CONECTADA;-32,86964722000;-60,69940833000
1565;HERSILLA;SANTA FE;2780;LOCALIDAD CONECTADA;-30,00253791000;-61,83776953000
1596;HUMBOLDT;SANTA FE;3999;LOCALIDAD CONECTADA;-31,40010833000;-61,08138056000
1633;INTIYACO;SANTA FE;1132;LOCALIDAD CONECTADA;-28,68022222000;-60,06902778000
1675;JOSEFINA;SANTA FE;676;LOCALIDAD CONECTADA;-31,40432817000;-61,99078971000
1706;KILOMETRO 115;SANTA FE;182;LOCALIDAD CONECTADA;-28,82552778000;-60,22394444000
4053;LA CAROLINA;SANTA FE;0;LOCALIDAD CONECTADA;-33,07625600000;-60,69563300000
1780;LA GALLARETA;SANTA FE;2189;LOCALIDAD CONECTADA;-29,58494167000;-60,36773333000
1855;LA RUBIA;SANTA FE;299;LOCALIDAD CONECTADA;-30,11133880000;-61,79286660000
1978;LAS PALMERAS;SANTA FE;545;LOCALIDAD CONECTADA;-30,62661111000;-61,62716667000
1980;LAS PAREJAS;SANTA FE;12375;LOCALIDAD CONECTADA;-32,67821667000;-61,53201944000
1990;LAS ROSAS;SANTA FE;13068;LOCALIDAD CONECTADA;-32,48498056000;-61,57552222000
2012;LAZZARINO;SANTA FE;350;LOCALIDAD CONECTADA;-34,16517200000;-62,42931000000
2017;LEHMANN;SANTA FE;2416;LOCALIDAD CONECTADA;-31,12332222000;-61,44971944000
2036;LOGRO헲;SANTA FE;630;LOCALIDAD CONECTADA;-29,50286111000;-61,69683333000
2059;LOS AMORES;SANTA FE;1052;LOCALIDAD CONECTADA;-28,10011111000;-59,97966667000
2103;LOS MOLINOS;SANTA FE;1832;LOCALIDAD CONECTADA;-33,10555556000;-61,33027778000
2119;LOS PUMAS;SANTA FE;5;LOCALIDAD CONECTADA;-29,26392500000;-61,01721940000
2168;MACIEL;SANTA FE;5634;LOCALIDAD CONECTADA;-32,46122222000;-60,89463889000
2214;MARGARITA;SANTA FE;3534;LOCALIDAD CONECTADA;-29,69028596000;-60,24795493000
2297;MOISES VILLE;SANTA FE;2318;LOCALIDAD CONECTADA;-30,72083333000;-61,47138889000
2303;MONIGOTES;SANTA FE;347;LOCALIDAD CONECTADA;-30,49183333000;-61,63387500000
2304;MONJE;SANTA FE;1838;LOCALIDAD CONECTADA;-32,35336111000;-60,94336111000
2310;MONTE FLORES;SANTA FE;166;LOCALIDAD CONECTADA;-33,08000740000;-60,63552267000
2324;MONTEFIORE;SANTA FE;146;LOCALIDAD CONECTADA;-29,66583333000;-61,86602778000
2378;NUEVA LEHMANN;SANTA FE;90;LOCALIDAD CONECTADA;-31,11754167000;-61,51331944000
2384;NUEVO TORINO;SANTA FE;425;LOCALIDAD CONECTADA;-31,34305556000;-61,23450833000
2409;OLIVEROS;SANTA FE;3800;LOCALIDAD CONECTADA;-32,57426794000;-60,85550496000
2432;PALACIOS;SANTA FE;245;LOCALIDAD CONECTADA;-30,70794444000;-61,62102778000
2467;PARAJE 29;SANTA FE;185;LOCALIDAD CONECTADA;-29,10313889000;-60,23638889000
2504;PAVON;SANTA FE;876;LOCALIDAD CONECTADA;-33,24199722000;-60,40548333000
2505;PAVON ARRIBA;SANTA FE;1834;LOCALIDAD CONECTADA;-33,31085000000;-60,82685556000
2526;PEYRANO;SANTA FE;2517;LOCALIDAD CONECTADA;-33,53734720000;-60,79868330000
2570;PLAZA CLUCELLAS;SANTA FE;1530;LOCALIDAD CONECTADA;-31,45186593000;-61,70500953000
2575;PLAZA SAGUIER;SANTA FE;262;LOCALIDAD CONECTADA;-31,32531944000;-61,66778056000
2604;POZO DE LOS INDIOS;SANTA FE;440;LOCALIDAD CONECTADA;-28,94222222000;-60,24888889000
2618;PRESIDENTE ROCA;SANTA FE;524;LOCALIDAD CONECTADA;-31,20916380000;-61,61405000000
2646;PUEBLO SANTA LUCIA;SANTA FE;185;LOCALIDAD CONECTADA;-29,28288330000;-60,40225830000
2647;PUEBLO URANGA;SANTA FE;856;LOCALIDAD CONECTADA;-33,26216111000;-60,70497500000
2667;PUERTO GENERAL SAN MARTIN;SANTA FE;13243;LOCALIDAD CONECTADA;-32,71692000000;-60,73081500000
2728;RAFAELA;SANTA FE;91571;LOCALIDAD CONECTADA;-31,22596396000;-61,46998592000
2819;ROLDAN;SANTA FE;14113;LOCALIDAD CONECTADA;-32,89935000000;-60,91151667000
2825;ROSARIO;SANTA FE;948312;LOCALIDAD CONECTADA;-33,01416200000;-60,62990200000
2835;RUFINO;SANTA FE;18727;LOCALIDAD CONECTADA;-34,26319444000;-62,70952778000
2918;SAN FABIAN;SANTA FE;820;LOCALIDAD CONECTADA;-32,13619444000;-60,98194444000
2936;SAN GREGORIO;SANTA FE;4291;LOCALIDAD CONECTADA;-34,32348100000;-62,03648200000
2955;SAN JERONIMO SUD;SANTA FE;2641;LOCALIDAD CONECTADA;-32,87848500000;-61,02797022000
2981;SAN LORENZO;SANTA FE;45958;LOCALIDAD CONECTADA;-32,74825833000;-60,73253333000
3043;SANCTI SPIRITU;SANTA FE;3433;LOCALIDAD CONECTADA;-34,00811111000;-62,23886667000
3068;SANTA FE;SANTA FE;391164;LOCALIDAD CONECTADA;-31,64006944000;-60,66738889000
3101;SANTA TERESA;SANTA FE;3039;LOCALIDAD CONECTADA;-33,44197033000;-60,78543403000
3117;SANTO TOME;SANTA FE;65684;LOCALIDAD CONECTADA;-31,65614722000;-60,79196111000
3138;SAUCE VIEJO;SANTA FE;7953;LOCALIDAD CONECTADA;-31,77177778000;-60,83750000000
3191;SUNCHALES;SANTA FE;20537;LOCALIDAD CONECTADA;-30,94600000000;-61,54761111000
3194;SUSANA;SANTA FE;1002;LOCALIDAD CONECTADA;-31,35711944000;-61,51890000000
3201;TACURAL;SANTA FE;1169;LOCALIDAD CONECTADA;-30,84312500000;-61,58998880000
3235;TEODELINA;SANTA FE;5933;LOCALIDAD CONECTADA;-34,18320176000;-61,53105927000
3240;THEOBALD;SANTA FE;421;LOCALIDAD CONECTADA;-33,30974444000;-60,31361111000
3246;TIMBUES;SANTA FE;3694;LOCALIDAD CONECTADA;-32,67096667000;-60,78831667000
3253;TOBA;SANTA FE;266;LOCALIDAD CONECTADA;-29,26697220000;-60,16961110000
3268;TORTUGAS;SANTA FE;2234;LOCALIDAD CONECTADA;-32,74766111000;-61,81781111000
3271;TOSTADO;SANTA FE;14582;LOCALIDAD CONECTADA;-29,22866667000;-61,77727778000
3341;VENADO TUERTO;SANTA FE;75437;LOCALIDAD CONECTADA;-33,75320683000;-61,95782803000
3343;VERA;SANTA FE;19185;LOCALIDAD CONECTADA;-29,46627778000;-60,19722222000
3370;VILLA AMELIA;SANTA FE;835;LOCALIDAD CONECTADA;-33,17728333000;-60,66563333000
3426;VILLA DEL PLATA;SANTA FE;259;LOCALIDAD CONECTADA;-33,12707500000;-60,71047778000
3444;VILLA ELOISA;SANTA FE;2820;LOCALIDAD CONECTADA;-32,95978056000;-61,54212778000
3483;VILLA LA RIVERA;SANTA FE;342;LOCALIDAD CONECTADA;-32,63492500000;-60,82102778000
3559;VILLA SAN JOSE;SANTA FE;220;LOCALIDAD CONECTADA;-31,33634422000;-61,62032442000
3580;VILLA TRINIDAD;SANTA FE;2606;LOCALIDAD CONECTADA;-30,22283124000;-61,86862626000
104;ABRA GRANDE;SANTIAGO DEL ESTERO;138;LOCALIDAD CONECTADA;-27,29072222000;-64,38000278000
117;AEROLITO;SANTIAGO DEL ESTERO;249;LOCALIDAD CONECTADA;-27,23277778000;-62,37916667000
171;ALHUAMPA;SANTIAGO DEL ESTERO;471;LOCALIDAD CONECTADA;-27,12833333000;-62,54777778000
242;ANTAJE;SANTIAGO DEL ESTERO;210;LOCALIDAD CONECTADA;-27,62450000000;-64,25322222000
251;A헤TUYA;SANTIAGO DEL ESTERO;23286;LOCALIDAD CONECTADA;-28,46424480000;-62,83943156000
265;ARDILES;SANTIAGO DEL ESTERO;203;LOCALIDAD CONECTADA;-27,41264167000;-64,49995833000
279;ARRAGA;SANTIAGO DEL ESTERO;1136;LOCALIDAD CONECTADA;-28,04970833000;-64,22378056000
323;AVERIAS;SANTIAGO DEL ESTERO;371;LOCALIDAD CONECTADA;-28,74518333000;-62,44972500000
362;BANDERA;SANTIAGO DEL ESTERO;6536;LOCALIDAD CONECTADA;-28,88791667000;-62,26744444000
363;BANDERA BAJADA;SANTIAGO DEL ESTERO;964;LOCALIDAD CONECTADA;-27,27666700000;-63,50972200000
522;BELTRAN;SANTIAGO DEL ESTERO;6352;LOCALIDAD CONECTADA;-27,82890278000;-64,06425556000
607;CAMPO GALLO;SANTIAGO DEL ESTERO;6222;LOCALIDAD CONECTADA;-26,58194444000;-62,84416667000
633;CA헤DA ESCOBAR;SANTIAGO DEL ESTERO;269;LOCALIDAD CONECTADA;-27,70847200000;-64,02786100000
776;CHAUPI POZO;SANTIAGO DEL ESTERO;382;LOCALIDAD CONECTADA;-27,50829167000;-64,42110556000
825;CLODOMIRA;SANTIAGO DEL ESTERO;9661;LOCALIDAD CONECTADA;-27,57498333000;-64,13175278000
879;COLONIA EL SIMBOLAR;SANTIAGO DEL ESTERO;4197;LOCALIDAD CONECTADA;-27,71413333000;-63,86821667000
1096;DONADEU;SANTIAGO DEL ESTERO;559;LOCALIDAD CONECTADA;-26,72361111000;-62,72416667000
1130;EL CABURE;SANTIAGO DEL ESTERO;737;LOCALIDAD CONECTADA;-26,01355278000;-62,33858056000
1143;EL CHARCO;SANTIAGO DEL ESTERO;178;LOCALIDAD CONECTADA;-27,23038611000;-64,70580833000
1157;EL DEAN;SANTIAGO DEL ESTERO;655;LOCALIDAD CONECTADA;-27,69189722000;-64,35109167000
1237;EL SAUZAL;SANTIAGO DEL ESTERO;715;LOCALIDAD CONECTADA;-27,48831111000;-64,58200556000
1301;ESTACION ATAMISQUI;SANTIAGO DEL ESTERO;418;LOCALIDAD CONECTADA;-28,49254100000;-63,93837100000
1318;ESTACION TABOADA;SANTIAGO DEL ESTERO;1512;LOCALIDAD CONECTADA;-28,00694400000;-63,74694400000
1319;ESTACION TACA헬TAS;SANTIAGO DEL ESTERO;1060;LOCALIDAD CONECTADA;-28,62479167000;-62,60573333000
1360;FERNANDEZ;SANTIAGO DEL ESTERO;12886;LOCALIDAD CONECTADA;-27,92865000000;-63,88114444000
1378;FORTIN INCA;SANTIAGO DEL ESTERO;487;LOCALIDAD CONECTADA;-29,12830833000;-61,93815556000
1398;FRIAS;SANTIAGO DEL ESTERO;26649;LOCALIDAD CONECTADA;-28,62827778000;-65,12913889000
1514;GRAMILLA;SANTIAGO DEL ESTERO;409;LOCALIDAD CONECTADA;-27,30047500000;-64,60953333000
1518;GRANADERO GATICA;SANTIAGO DEL ESTERO;0;LOCALIDAD CONECTADA;-26,87440556000;-62,71571667000
1535;GUARDIA ESCOLTA;SANTIAGO DEL ESTERO;894;LOCALIDAD CONECTADA;-28,98586667000;-62,12839444000
1550;HASSE;SANTIAGO DEL ESTERO;347;LOCALIDAD CONECTADA;-27,07060000000;-62,64085556000
1556;HERNAN MEJIA MIRAVAL;SANTIAGO DEL ESTERO;156;LOCALIDAD CONECTADA;-27,17722222000;-62,46916667000
1598;HUYAMAMPA;SANTIAGO DEL ESTERO;130;LOCALIDAD CONECTADA;-27,38525278000;-64,29497222000
1615;INGENIERO FORRES;SANTIAGO DEL ESTERO;5463;LOCALIDAD CONECTADA;-27,87092778000;-63,97148889000
1718;LA AURORA;SANTIAGO DEL ESTERO;736;LOCALIDAD CONECTADA;-27,49713889000;-64,23094444000
1722;LA BANDA;SANTIAGO DEL ESTERO;106441;LOCALIDAD CONECTADA;-27,75972222000;-64,25972222000
1735;LA CA헤DA;SANTIAGO DEL ESTERO;1696;LOCALIDAD CONECTADA;-27,70979167000;-63,77120556000
1764;LA DARSENA;SANTIAGO DEL ESTERO;1152;LOCALIDAD CONECTADA;-27,69827778000;-64,28813889000
1911;LAPRIDA;SANTIAGO DEL ESTERO;1197;LOCALIDAD CONECTADA;-28,37824444000;-64,52881111000
2074;LOS CARDOZOS;SANTIAGO DEL ESTERO;165;LOCALIDAD CONECTADA;-27,93183221000;-64,19102208000
2095;LOS JURIES;SANTIAGO DEL ESTERO;3833;LOCALIDAD CONECTADA;-28,46365278000;-62,11080278000
2111;LOS NU헨Z;SANTIAGO DEL ESTERO;573;LOCALIDAD CONECTADA;-27,53529167000;-64,52753333000
2116;LOS PIRPINTOS;SANTIAGO DEL ESTERO;1729;LOCALIDAD CONECTADA;-26,13309167000;-62,07295556000
2120;LOS QUIROGA;SANTIAGO DEL ESTERO;1065;LOCALIDAD CONECTADA;-27,65276389000;-64,35201944000
2127;LOS SORIA;SANTIAGO DEL ESTERO;224;LOCALIDAD CONECTADA;-27,61852778000;-64,37547222000
2132;LOS TIGRES;SANTIAGO DEL ESTERO;161;LOCALIDAD CONECTADA;-25,90975556000;-62,59420556000
2234;MATARA;SANTIAGO DEL ESTERO;1172;LOCALIDAD CONECTADA;-28,11147222000;-63,19130556000
2317;MONTE QUEMADO;SANTIAGO DEL ESTERO;12543;LOCALIDAD CONECTADA;-25,81192778000;-62,82836667000
2375;NUEVA ESPERANZA;SANTIAGO DEL ESTERO;5145;LOCALIDAD CONECTADA;-26,19946626000;-64,23832917000
2376;NUEVA FRANCIA;SANTIAGO DEL ESTERO;1091;LOCALIDAD CONECTADA;-28,18047200000;-64,19813900000
2644;OTUMPA;SANTIAGO DEL ESTERO;0;LOCALIDAD CONECTADA;-27,32905556000;-62,22530556000
2447;PAMPA DE LOS GUANACOS;SANTIAGO DEL ESTERO;5273;LOCALIDAD CONECTADA;-26,23570407000;-61,82960481000
2609;POZO HONDO;SANTIAGO DEL ESTERO;3249;LOCALIDAD CONECTADA;-27,16297222000;-64,49022222000
2612;POZUELOS;SANTIAGO DEL ESTERO;689;LOCALIDAD CONECTADA;-27,30719444000;-64,75613611000
2689;PUESTO DE SAN ANTONIO;SANTIAGO DEL ESTERO;84;LOCALIDAD CONECTADA;-27,66358056000;-64,37835278000
2719;QUIMILI;SANTIAGO DEL ESTERO;15052;LOCALIDAD CONECTADA;-27,64094276000;-62,41963553000
2747;RAPELLI;SANTIAGO DEL ESTERO;1303;LOCALIDAD CONECTADA;-26,39255556000;-64,50350000000
2832;ROVERSI;SANTIAGO DEL ESTERO;185;LOCALIDAD CONECTADA;-27,59288611000;-61,94683333000
3081;SANTA MARIA;SANTIAGO DEL ESTERO;338;LOCALIDAD CONECTADA;-27,94944444000;-64,22102778000
3108;SANTIAGO DEL ESTERO;SANTIAGO DEL ESTERO;252192;LOCALIDAD CONECTADA;-27,80107500000;-64,26862500000
3146;SELVA;SANTIAGO DEL ESTERO;2878;LOCALIDAD CONECTADA;-29,76361111000;-62,04766667000
3164;SIMBOL;SANTIAGO DEL ESTERO;613;LOCALIDAD CONECTADA;-28,10108300000;-64,21416700000
3192;SUNCHO CORRAL;SANTIAGO DEL ESTERO;7201;LOCALIDAD CONECTADA;-27,93126667000;-63,43138333000
3219;TAPSO;SANTIAGO DEL ESTERO;191;LOCALIDAD CONECTADA;-28,40580556000;-65,10011389000
3236;TERMAS DE RIO HONDO;SANTIAGO DEL ESTERO;32166;LOCALIDAD CONECTADA;-27,49858056000;-64,86618889000
3250;TINTINA;SANTIAGO DEL ESTERO;3537;LOCALIDAD CONECTADA;-26,87480556000;-62,71621389000
3263;TOMAS YOUNG;SANTIAGO DEL ESTERO;455;LOCALIDAD CONECTADA;-28,60045556000;-62,18478611000
3320;URUTAU;SANTIAGO DEL ESTERO;137;LOCALIDAD CONECTADA;-25,71772948000;-63,04505555000
3359;VILELAS;SANTIAGO DEL ESTERO;1723;LOCALIDAD CONECTADA;-27,95880556000;-62,60976944000
3376;VILLA ATAMISQUI;SANTIAGO DEL ESTERO;3289;LOCALIDAD CONECTADA;-28,49888889000;-63,81888889000
3450;VILLA FIGUEROA;SANTIAGO DEL ESTERO;72;LOCALIDAD CONECTADA;-27,71562500000;-63,50668333000
3776;VILLA SAN MARTIN _EST LORETO;SANTIAGO DEL ESTERO;11546;LOCALIDAD CONECTADA;-28,30162537000;-64,18963042000
4140;CA헤DON ALFA;TIERRA DEL FUEGO;0;LOCALIDAD CONECTADA;-52,73973600000;-68,56306700000
2790;RIO GRANDE;TIERRA DEL FUEGO;66475;LOCALIDAD CONECTADA;-53,73940300000;-67,76861700000
3034;SAN SEBASTIAN;TIERRA DEL FUEGO;0;LOCALIDAD CONECTADA;-53,29878000000;-68,45608300000
3259;TOLHUIN;TIERRA DEL FUEGO;2626;LOCALIDAD CONECTADA;-54,51120278000;-67,18920556000
3321;USHUAIA;TIERRA DEL FUEGO;56593;LOCALIDAD CONECTADA;-54,78612400000;-68,22457600000
110;ACHERAL;TUCUMAN;2683;LOCALIDAD CONECTADA;-27,12083333000;-65,46833333000
130;AGUILARES;TUCUMAN;32908;LOCALIDAD CONECTADA;-27,42501667000;-65,60412500000
198;ALTO VERDE;TUCUMAN;2341;LOCALIDAD CONECTADA;-27,37726944000;-65,60968056000
208;AMAICHA DEL VALLE;TUCUMAN;1327;LOCALIDAD CONECTADA;-26,59608611000;-65,91938056000
264;ARCADIA;TUCUMAN;2072;LOCALIDAD CONECTADA;-27,30694848000;-65,57606749000
392;BARRIO CASA ROSADA;TUCUMAN;1141;LOCALIDAD CONECTADA;-27,04634722000;-65,42720000000
4077;BARRIO EL PORTAL;TUCUMAN;8814;LOCALIDAD CONECTADA;-27,03670894000;-65,39213814000
605;CAMPO DE HERRERA;TUCUMAN;890;LOCALIDAD CONECTADA;-27,02831944000;-65,34786111000
835;COLALAO DEL VALLE;TUCUMAN;632;LOCALIDAD CONECTADA;-26,36103889000;-65,95610000000
903;COLONIA MAYO - BARRIO LA MILAGROSA;TUCUMAN;909;LOCALIDAD CONECTADA;-26,83660550000;-64,99059160000
956;CONCEPCION;TUCUMAN;49782;LOCALIDAD CONECTADA;-27,34515438000;-65,58824982000
1069;DELFIN GALLO;TUCUMAN;8828;LOCALIDAD CONECTADA;-26,84598889000;-65,09426667000
1191;EL MOLLAR;TUCUMAN;1906;LOCALIDAD CONECTADA;-26,93918889000;-65,70302778000
1298;ESTACION ARAOZ;TUCUMAN;1315;LOCALIDAD CONECTADA;-27,05952778000;-64,92610000000
1348;FAMAILLA;TUCUMAN;22924;LOCALIDAD CONECTADA;-27,05441700000;-65,40429800000
1607;ILTICO;TUCUMAN;466;LOCALIDAD CONECTADA;-27,33415000000;-65,64300000000
1681;JUAN BAUTISTA ALBERDI;TUCUMAN;18430;LOCALIDAD CONECTADA;-27,59552800000;-65,60958300000
1750;LA COCHA;TUCUMAN;6578;LOCALIDAD CONECTADA;-27,76618611000;-65,58397222000
1849;LA REDUCCION;TUCUMAN;5029;LOCALIDAD CONECTADA;-26,96237419000;-65,35401505000
2122;LOS RALOS;TUCUMAN;9429;LOCALIDAD CONECTADA;-26,88589006000;-65,00794600000
2125;LOS SARMIENTOS;TUCUMAN;3010;LOCALIDAD CONECTADA;-27,41372087000;-65,69543989000
2137;LOS ZAZOS;TUCUMAN;0;LOCALIDAD CONECTADA;-26,62228333000;-65,87195556000
2325;MONTEROS;TUCUMAN;23274;LOCALIDAD CONECTADA;-27,16946944000;-65,48888056000
2636;PUEBLO INDEPENDENCIA;TUCUMAN;3530;LOCALIDAD CONECTADA;-27,21913056000;-65,52531389000
2742;RANCHILLOS;TUCUMAN;6892;LOCALIDAD CONECTADA;-26,95306389000;-65,04755556000
2781;RIO CHICO;TUCUMAN;758;LOCALIDAD CONECTADA;-27,48100000000;-65,62085000000
2783;RIO COLORADO;TUCUMAN;1077;LOCALIDAD CONECTADA;-27,15010000000;-65,35580556000
2797;RIO SECO;TUCUMAN;5131;LOCALIDAD CONECTADA;-27,26566886000;-65,54905220000
2837;RUMI PUNCO;TUCUMAN;0;LOCALIDAD CONECTADA;-27,98310923000;-65,57053452000
3768;SAN ISIDRO DE LULES;TUCUMAN;22142;LOCALIDAD CONECTADA;-26,91607500000;-65,33484444000
2966;SAN JOSE DE LA COCHA;TUCUMAN;123;LOCALIDAD CONECTADA;-27,73188611000;-65,58468333000
3006;SAN MIGUEL DE TUCUMAN;TUCUMAN;548866;LOCALIDAD CONECTADA;-26,84387500000;-65,22998880000
3047;SANTA ANA;TUCUMAN;7871;LOCALIDAD CONECTADA;-27,47348333000;-65,68586111000
3075;SANTA LUCIA;TUCUMAN;5704;LOCALIDAD CONECTADA;-27,09537500000;-65,53571111000
3096;SANTA ROSA DE LEALES;TUCUMAN;1934;LOCALIDAD CONECTADA;-27,13291667000;-65,25911111000
3176;SOLDADO MALDONADO;TUCUMAN;805;LOCALIDAD CONECTADA;-27,14471667000;-65,56586944000
3202;TAFI DEL VALLE;TUCUMAN;3403;LOCALIDAD CONECTADA;-26,84238056000;-65,71021389000
3233;TENIENTE BERDINA;TUCUMAN;907;LOCALIDAD CONECTADA;-27,05102778000;-65,48805556000
3381;VILLA BELGRANO;TUCUMAN;1205;LOCALIDAD CONECTADA;-27,53027222000;-65,61454444000
3403;VILLA CLODOMIRO HILERET;TUCUMAN;699;LOCALIDAD CONECTADA;-27,47498056000;-65,66203889000
3413;VILLA DE LEALES;TUCUMAN;1237;LOCALIDAD CONECTADA;-27,19353406000;-65,31153452000
3537;VILLA QUINTEROS;TUCUMAN;4240;LOCALIDAD CONECTADA;-27,25446389000;-65,54364167000
3630;YERBA BUENA;TUCUMAN;57392;LOCALIDAD CONECTADA;-26,81167800000;-65,26567200000
3488;VILLA MELIQUINA;NEUQUEN;350;LOCALIDAD CONECTADA;-40,31834722000;-71,38239167000
4069;PAMPA CURACO;NEUQUEN;0;LOCALIDAD CONECTADA;-39,61722151000;-70,34198010000
3405;VILLA CONSTITUCION;SANTA FE;47903;LOCALIDAD CONECTADA;-33,23336700000;-60,33753300000
4081;POLO TECNOLOGICO GODOY CRUZ;MENDOZA;191903;LOCALIDAD CONECTADA;-32,93935833000;-68,82100000000
1646;ET ITA-IBATE;CORRIENTES;4115;LOCALIDAD CONECTADA;-27,44661200000;-57,33641200000
2489;PASO DE LA PATRIA-ET PIRAYU;CORRIENTES;1809;LOCALIDAD CONECTADA;-27,32255100000;-58,56626300000
1439;GENERAL DEHEZA;CORDOBA;11061;LOCALIDAD CONECTADA;-32,78053889000;-63,83031944000
1650;ITUZAINGO;CORRIENTES;19575;LOCALIDAD CONECTADA;-27,56802300000;-56,67471600000
1141;EL CHALTEN;SANTA CRUZ;1627;LOCALIDAD CONECTADA;-49,33247500000;-72,88088900000
2107;LOS MUCHACHOS-LA ALBORADA;SANTA FE;129;LOCALIDAD CONECTADA;-33,08751111000;-60,71164444000
